indicador,label,tipo,cobertura,slug_tematica,tematica,categorias_tematicas,descripcion,orden
especies_region_total,Total de especies,especies,total,NA,NA,NA,"Total de especies reportadas en una región. Incluyendo especies con hábitats marinos, salobres o terrestres",NA
especies_region_estimadas,Total de especies estimadas,especies,total,NA,NA,NA,Especies estimadas para el departamento,NA
especies_amenazadas_nacional_total,Número de especies amenaza nacional,especies,total,amenazadas-nacional,amenazadas_nacional,total,Total de especies amenazadas según la resolución 1912 de 2017 emitida por el ministerio de ambiente y desarrollo sostenible,NA
especies_amenazadas_nacional_cr,Especies CR categoría nacional,especies,total,amenazadas-nacional-cr,amenazadas_nacional,cr,Especies amenazadas en la categoría En peligro crítico según la resolución 1912 de 2017 emitida por el ministerio de ambiente y desarrollo sostenible,NA
especies_amenazadas_nacional_en,Especies EN categoría nacional,especies,total,amenazadas-nacional-en,amenazadas_nacional,en,Especies amenazadas en la categoría En peligro según la resolución 1912 de 2017 emitida por el ministerio de ambiente y desarrollo sostenible,NA
especies_amenazadas_nacional_vu,Especies VU categoría nacional,especies,total,amenazadas-nacional-vu,amenazadas_nacional,vu,Especies amenazadas en la categoría Vulnerable según la resolución 1912 de 2017 emitida por el ministerio de ambiente y desarrollo sostenible,NA
especies_cites_total,Número de especies CITES,especies,total,cites,cites,total,Total de especies encontradas en algún apéndice CITES,NA
especies_cites_i,Especies I CITES,especies,total,cites-i,cites,i,Total de especies encontradas en el apéndice I CITES,NA
especies_cites_ii,Especies II CITES,especies,total,cites-ii,cites,ii,Total de especies encontradas en el apéndice II CITES,NA
especies_cites_i_ii,Especies I-II CITES,especies,total,cites-i-ii,cites,i_ii,Total de especies encontradas en el apéndice I/II CITES,NA
especies_cites_iii,Especies III CITES,especies,total,cites-iii,cites,iii,Total de especies encontradas en el apéndice III CITES,NA
especies_endemicas,Número especies éndemicas,especies,total,endemicas,endemicas,NA,"Número de especies endémicas reportadas en las listas de especies disponibles en el SiB Colombia (Peces dulceacuicolas, mamíferos, aves, algunos grupos de coleópteros y plantas)",NA
especies_migratorias,Número especies migratorias,especies,total,migratorias,migratorias,NA,"Número de especies migratorias reportadas en las listas de especies disponibles en el SiB Colombia (Peces dulceacuicolas, mamíferos, aves, algunos grupos de coleópteros y plantas)",NA
especies_exoticas_total,Número total de especies exoticas,especies,total,exoticas-total,exoticas_total,total,"Número total de especies exóticas encontradas en el país dentro de las categorías exóticas, invasoras y exóticas con potencial de invasión. Estas especies se obtienen de los listados publicados por el ministerio de ambiente y desarrollo sostenible, GRIIS (Global Register of Introduced and Invasive Species) y listas internas del catalogador de información Biológica-IAvH.",NA
especies_exoticas,Número especies exoticas,especies,total,exoticas,exoticas_total,exoticas,Número de especies catalogadas como exóticas según la lista GRIIS (Global Register of Introduced and Invasive Species) y algunas listas internas del catalogador de información Biológica-IAvH,1
especies_invasoras,Número especies invasoras,especies,total,invasoras,exoticas_total,invasoras,Número de especies catalogadas como invasoras según la resolución 848-2008 emitida por el ministerio de ambiente y desarrollo sostenible,3
especies_exoticas_riesgo_invasion_total,Número especies exoticas con potencial de invasión,especies,total,exoticas-riesgo-invasion-total,exoticas_total,exoticas_riesgo_invasion_total,Número de especies consideradas como Exóticas con alto riesgo de invasión según la lista GRIIS (Global Register of Introduced and Invasive Species) y algunas listas internas del catalogador de información Biológica-IAvH,2
especies_trasplantadas,Número de especies trasplantadas,especies,total,trasplantadas,exoticas_total,trasplantadas,Número de especies trasplantadas,4
especies_amenazadas_global_total,Número de especies amenaza global,especies,total,amenazadas-global,amenazadas_global,total,Total de especies amenazadas según la lista roja de IUCN,NA
especies_amenazadas_global_ex,Especies EX categoría global,especies,total,amenazadas-global-ex,amenazadas_global,ex,Número de especies en la categoría Extinto según la lista roja de IUCN,NA
especies_amenazadas_global_ew,Especies EW categoría global,especies,total,amenazadas-global-ew,amenazadas_global,ew,Número de especies en la categoría Extinto en estado silvestre según la lista roja de IUCN,NA
especies_amenazadas_global_cr,Especies CR categoría global,especies,total,amenazadas-global-cr,amenazadas_global,cr,Número de especies en la categoría En peligro crítico según la lista roja de IUCN,NA
especies_amenazadas_global_en,Especies EN categoría global,especies,total,amenazadas-global-en,amenazadas_global,en,Número de especies en la categoría En peligro según la lista roja de IUCN,NA
especies_amenazadas_global_vu,Especies VU categoría global,especies,total,amenazadas-global-vu,amenazadas_global,vu,Número de especies en la categoría Vulnerable según la lista roja de IUCN,NA
especies_amenazadas_global_lr_cd,Especies LR/Cd categoría global,especies,total,amenazadas-global-lr-cd,amenazadas_global,lr_cd,Número de especies en la categoría Menor Riesgo: Dependiente de la Conservación según la lista roja de IUCN,NA
especies_amenazadas_global_nt,Especies NT categoría global,especies,total,amenazadas-global-nt,amenazadas_global,nt,Número de especies en la categoría Casi amenazado según la lista roja de IUCN,NA
especies_amenazadas_global_lr_nt,Especies LR/NT categoría global,especies,total,amenazadas-global-lr-nt,amenazadas_global,lr_nt,Número de especies en la categoría Casi amenazado según la lista roja de IUCN,NA
especies_amenazadas_global_lc,Especies LC categoría global,especies,total,amenazadas-global-lc,amenazadas_global,lc,Número de especies en la categoría Preocupación menor según la lista roja de IUCN,NA
especies_amenazadas_global_lr_lc,Especies LR/LC categoría global,especies,total,amenazadas-global-lr-lc,amenazadas_global,lr_lc,Número de especies en la categoría Preocupación menor según la lista roja de IUCN,NA
especies_amenazadas_global_dd,Especies DD categoría global,especies,total,amenazadas-global-dd,amenazadas_global,dd,Número de especies en la categoría Datos insuficientes según la lista roja de IUCN,NA
especies_amenazadas_global_ne,Especies NE categoría global,especies,total,amenazadas-global-ne,amenazadas_global,ne,Número de especies no evaluadas dentro de las categorías de amenaza de la lista roja de IUCN,NA
registros_region_total,Total de registros,registros,total,NA,NA,NA,"Total de registros reportados en una región. Incluyendo registros de especies con hábitats marinos, salobres o terrestres",NA
registros_amenazadas_nacional_total,Número de registros amenaza nacional,registros,total,amenazadas-nacional,amenazadas_nacional,total,Total de registros relacionados a especies amenazadas según la resolución 1912 de 2017 emitida por el ministerio de ambiente y desarrollo sostenible,NA
registros_amenazadas_nacional_cr,Registros CR categoría nacional,registros,total,amenazadas-nacional-cr,amenazadas_nacional,cr,Registros relacionados a especies amenazadas en la categoría En peligro crítico según la resolución 1912 de 2017 emitida por el ministerio de ambiente y desarrollo sostenible,NA
registros_amenazadas_nacional_en,Registros EN categoría nacional,registros,total,amenazadas-nacional-en,amenazadas_nacional,en,Registros relacionados a especies amenazadas en la categoría En peligro según la resolución 1912 de 2017 emitida por el ministerio de ambiente y desarrollo sostenible,NA
registros_amenazadas_nacional_vu,Registros VU categoría nacional,registros,total,amenazadas-nacional-vu,amenazadas_nacional,vu,Registros relacionados a especies amenazadas en la categoría Vulnerable según la resolución 1912 de 2017 emitida por el ministerio de ambiente y desarrollo sostenible,NA
registros_cites_total,Número de registros CITES,registros,total,cites,cites,total,Total de registros relacionados a especies encontradas en algún apéndice CITES,NA
registros_cites_i,Registros I CITES,registros,total,cites-i,cites,i,Total de registros relacionados a especies encontradas en el apéndice I CITES,NA
registros_cites_ii,Registros II CITES,registros,total,cites-ii,cites,ii,Total de registros relacionados a especies encontradas en el apéndice II CITES,NA
registros_cites_i_ii,Registros I-II CITES,registros,total,cites-i-ii,cites,i_ii,Total de registros relacionados a especies encontradas en el apéndice I/II CITES,NA
registros_cites_iii,Registros III CITES,registros,total,cites-iii,cites,iii,Total de registros relacionados a especies encontradas en el apéndice III CITES,NA
registros_endemicas,Número registros éndemicas,registros,total,endemicas,endemicas,NA,"Número de registros relacionados a especies endémicas reportadas en las listas de especies disponibles en el SiB Colombia (Peces dulceacuicolas, mamíferos, aves, algunos grupos de coleópteros y plantas)",NA
registros_exoticas_total,Número total de registros especies exoticas,registros,total,exoticas-total,exoticas_total,total,"Número total registros relacionados a especies exóticas encontradas en el país dentro de las categorías exóticas, invasoras y exóticas con potencial de invasión. Estas especies se obtienen de los listados publicados por el ministerio de ambiente y desarrollo sostenible, GRIIS (Global Register of Introduced and Invasive Species) y listas internas del catalogador de información Biológica-IAvH.",NA
registros_exoticas,Número registros exoticas,registros,total,exoticas,exoticas_total,exoticas,Número de registros relacionados a especies catalogadas como exóticas según la lista GRIIS (Global Register of Introduced and Invasive Species) y algunas listas internas del catalogador de información Biológica-IAvH,1
registros_invasoras,Número registros invasoras,registros,total,invasoras,exoticas_total,invasoras,Número de registros relacionados a especies catalogadas como invasoras según la resolución 848-2008 emitida por el ministerio de ambiente y desarrollo sostenible,3
registros_migratorias,Número registros migratorias,registros,total,migratorias,migratorias,NA,"Número de registros relacionados a especies migratorias reportadas en las listas de especies disponibles en el SiB Colombia (Peces dulceacuicolas, mamíferos, aves, algunos grupos de coleópteros y plantas)",NA
registros_amenazadas_global_total,Número de registros amenaza global,registros,total,amenazadas-global,amenazadas_global,total,Total de registros relacionados a especies amenazadas según la lista roja de IUCN,NA
registros_amenazadas_global_ex,Registros EX categoría global,registros,total,amenazadas-global-ex,amenazadas_global,ex,Número de registros relacionados a especies en la categoría Extinto según la lista roja de IUCN,NA
registros_amenazadas_global_ew,Registros EW categoría global,registros,total,amenazadas-global-ew,amenazadas_global,ew,Número de registros relacionados a especies en la categoría Extinto en estado silvestre según la lista roja de IUCN,NA
registros_amenazadas_global_cr,Registros CR categoría global,registros,total,amenazadas-global-cr,amenazadas_global,cr,Número de registros relacionados a especies en la categoría En peligro crítico según la lista roja de IUCN,NA
registros_amenazadas_global_en,Registros EN categoría global,registros,total,amenazadas-global-en,amenazadas_global,en,Número de registros relacionados a especies en la categoría En peligro según la lista roja de IUCN,NA
registros_amenazadas_global_vu,Registros VU categoría global,registros,total,amenazadas-global-vu,amenazadas_global,vu,Número de registros relacionados a especies en la categoría Vulnerable según la lista roja de IUCN,NA
registros_amenazadas_global_lr_cd,Registros LR/Cd categoría global,registros,total,amenazadas-global-lr-cd,amenazadas_global,lr_cd,Número de registros relacionados a especies en la categoría Menor Riesgo: Dependiente de la Conservación según la lista roja de IUCN,NA
registros_amenazadas_global_nt,Registros NT categoría global,registros,total,amenazadas-global-nt,amenazadas_global,nt,Número de registros relacionados a especies en la categoría Casi amenazado según la lista roja de IUCN,NA
registros_amenazadas_global_lr_nt,Registros LR/NT categoría global,registros,total,amenazadas-global-lr-nt,amenazadas_global,lr_nt,Número de especies en la categoría Casi amenazado según la lista roja de IUCN,NA
registros_amenazadas_global_lc,Registros LC categoría global,registros,total,amenazadas-global-lc,amenazadas_global,lc,Número de especies en la categoría Preocupación menor según la lista roja de IUCN,NA
registros_amenazadas_global_lr_lc,Registros LR/LC categoría global,registros,total,amenazadas-global-lr-lc,amenazadas_global,lr_lc,Número de especies en la categoría Preocupación menor según la lista roja de IUCN,NA
registros_amenazadas_global_dd,Registros DD categoría global,registros,total,amenazadas-global-dd,amenazadas_global,dd,Número de especies en la categoría Datos insuficientes según la lista roja de IUCN,NA
registros_amenazadas_global_ne,Registros NE categoría global,registros,total,amenazadas-global-ne,amenazadas_global,ne,Número de registros relacionados a especies no evaluadas dentro de las categorías de amenaza de la lista roja de IUCN,NA
especies_continentales,Especies continentales,especies,continentales,NA,NA,NA,Número de especies con hábitat continental,NA
especies_marinas,Especies marinas,especies,marinas,NA,NA,NA,Número de especies con hábitat marino,NA
especies_salobres,Especies salobres,especies,salobres,NA,NA,NA,Número de especies con hábitat salobres,NA
registros_continentales,Registros continentales,registros,continentales,NA,NA,NA,Número de registros relacionados a especies con hábitat continental,NA
registros_marinos,Registros marinas,registros,marinas,NA,NA,NA,Número de registros relacionados a especies con hábitat marino,NA
registros_salobres,Registros salobres,registros,salobres,NA,NA,NA,Número de registros relacionados a especies con hábitat salobres,NA
registros_exoticas_riesgo_invasion_total,Número registros exoticas con potencial de invasión,registros,total,exoticas-riesgo-invasion-total,exoticas_total,total,Número de registros relacionados a especies consideradas como Exóticas con alto riesgo de invasión según la lista GRIIS (Global Register of Introduced and Invasive Species) y algunas listas internas del catalogador de información Biológica-IAvH,2
registros_trasplantadas,Número de registros trasplantadas,registros,total,trasplantadas,exoticas_total,trasplantadas,Número de registros trasplantadas,4
especies_continentales_amenazadas_nacional_total,Número de especies continentales amenaza nacional,especies,continentales,amenazadas-nacional,amenazadas_nacional,total,Total de especies con hábitat continental amenazadas según la resolución 1912 de 2017 emitida por el ministerio de ambiente y desarrollo sostenible,NA
especies_continentales_amenazadas_nacional_cr,Especies continentales CR categoría nacional,especies,continentales,amenazadas-nacional-cr,amenazadas_nacional,cr,Especies con hábitat continental amenazadas en la categoría En peligro crítico según la resolución 1912 de 2017 emitida por el ministerio de ambiente y desarrollo sostenible,NA
especies_continentales_amenazadas_nacional_en,Especies continentales EN categoría nacional,especies,continentales,amenazadas-nacional-en,amenazadas_nacional,en,Especies con hábitat continental amenazadas en la categoría En peligro según la resolución 1912 de 2017 emitida por el ministerio de ambiente y desarrollo sostenible,NA
especies_continentales_amenazadas_nacional_vu,Especies continentales VU categoría nacional,especies,continentales,amenazadas-nacional-vu,amenazadas_nacional,vu,Especies con hábitat continental amenazadas en la categoría Vulnerable según la resolución 1912 de 2017 emitida por el ministerio de ambiente y desarrollo sostenible,NA
especies_continentales_cites_total,Número de especies continentales CITES,especies,continentales,cites,cites,total,Total de especies con hábitat continental encontradas en algún apéndice CITES,NA
especies_continentales_cites_i,Especies continentales I CITES,especies,continentales,cites-i,cites,i,Total de especies con hábitat continental encontradas en el apéndice I CITES,NA
especies_continentales_cites_i_ii,Especies continentales I-II CITES,especies,continentales,cites-i-ii,cites,i_ii,Total de especies con hábitat continental encontradas en el apéndice II CITES,NA
especies_continentales_cites_ii,Especies continentales II CITES,especies,continentales,cites-ii,cites,ii,Total de especies con hábitat continental encontradas en el apéndice I/II CITES,NA
especies_continentales_cites_iii,Especies continentales III CITES,especies,continentales,cites-iii,cites,iii,Total de especies con hábitat continental encontradas en el apéndice III CITES,NA
especies_continentales_endemicas,Número especies continentales éndemicas,especies,continentales,endemicas,endemicas,NA,"Número de especies endémicas con hábitat continental reportadas en las listas de especies disponibles en el SiB Colombia (Peces dulceacuicolas, mamíferos, aves, algunos grupos de coleópteros y plantas)",NA
especies_continentales_exoticas_total,Número total de especies continentales exoticas,especies,continentales,exoticas-total,exoticas_total,total,"Número total de especies continentales exóticas encontradas en el país dentro de las categorías exóticas, invasoras y exóticas con potencial de invasión. Estas especies se obtienen de los listados publicados por el ministerio de ambiente y desarrollo sostenible, GRIIS (Global Register of Introduced and Invasive Species) y listas internas del catalogador de información Biológica-IAvH.",NA
especies_continentales_exoticas,Número especies continentales exoticas,especies,continentales,exoticas,exoticas_total,exoticas,Número de especies con hábitat continental catalogadas como exóticas según la lista GRIIS (Global Register of Introduced and Invasive Species) y algunas listas internas del catalogador de información Biológica-IAvH,1
especies_continentales_migratorias,Número especies continentales migratorias,especies,continentales,migratorias,migratorias,NA,"Número de especies migratorias con hábitat continental reportadas en las listas de especies disponibles en el SiB Colombia (Peces dulceacuicolas, mamíferos, aves, algunos grupos de coleópteros y plantas)",NA
especies_continentales_invasoras,Número especies continentales invasora,especies,continentales,invasoras,exoticas_total,invasoras,Número de especies con hábitat continental catalogadas como invasoras según la resolución 848-2008 emitida por el ministerio de ambiente y desarrollo sostenible,3
especies_continentales_exoticas_riesgo_invasion_total,Número especies continentales exoticas con potencial de invasión,especies,continentales,exoticas-riesgo-invasion-total,exoticas_total,exoticas_riesgo_invasion_total,Número de especies con hábitat continental consideradas como Exóticas con alto riesgo de invasión según la lista GRIIS (Global Register of Introduced and Invasive Species) y algunas listas internas del catalogador de información Biológica-IAvH,2
especies_continentales_trasplantadas,Número de especies continentales trasplantadas,especies,continentales,trasplantadas,exoticas_total,trasplantadas,Número de especies con hábitat continental trasplantadas,4
especies_continentales_amenazadas_global_total,Número de especies continentales amenaza global,especies,continentales,amenazadas-global,amenazadas_global,total,Total de especies con hábitat continental amenazadas según la lista roja de IUCN,NA
especies_continentales_amenazadas_global_ex,Número de especies continentales EX categoría global,especies,continentales,amenazadas-global-ex,amenazadas_global,ex,Número de especies con hábitat continental en la categoría Extinto según la lista roja de IUCN,NA
especies_continentales_amenazadas_global_ew,Número de especies continentales EW categoría global,especies,continentales,amenazadas-global-ew,amenazadas_global,ew,Número de especies con hábitat continental en la categoría Extinto en estado silvestre según la lista roja de IUCN,NA
especies_continentales_amenazadas_global_cr,Número de especies continentales CR categoría global,especies,continentales,amenazadas-global-cr,amenazadas_global,cr,Número de especies con hábitat continental en la categoría En peligro crítico según la lista roja de IUCN,NA
especies_continentales_amenazadas_global_en,Número de especies continentales EN categoría global,especies,continentales,amenazadas-global-en,amenazadas_global,en,Número de especies con hábitat continental en la categoría En peligro según la lista roja de IUCN,NA
especies_continentales_amenazadas_global_vu,Número de especies continentales VU categoría global,especies,continentales,amenazadas-global-vu,amenazadas_global,vu,Número de especies con hábitat continental en la categoría Vulnerable según la lista roja de IUCN,NA
especies_continentales_amenazadas_global_lr_cd,Número de especies continentales LR/Cd categoría global,especies,continentales,amenazadas-global-lr-cd,amenazadas_global,lr_cd,Número de especies continentales en la categoría Menor Riesgo: Dependiente de la Conservación según la lista roja de IUCN,NA
especies_continentales_amenazadas_global_nt,Número de especies continentales NT categoría global,especies,continentales,amenazadas-global-nt,amenazadas_global,nt,Número de especies con hábitat continental en la categoría Casi amenazado según la lista roja de IUCN,NA
especies_continentales_amenazadas_global_lc,Número de especies continentales LC categoría global,especies,continentales,amenazadas-global-lc,amenazadas_global,lc,Número de especies con hábitat continental en la categoría Preocupación menor según la lista roja de IUCN,NA
especies_continentales_amenazadas_global_dd,Número de especies continentales DD categoría global,especies,continentales,amenazadas-global-dd,amenazadas_global,dd,Número de especies con hábitat continental en la categoría Datos insuficientes según la lista roja de IUCN,NA
especies_continentales_amenazadas_global_ne,Número de especies continentales NE categoría global,especies,continentales,amenazadas-global-ne,amenazadas_global,ne,Número de especies con hábitat continental no evaluadas dentro de las categorías de amenaza de la lista roja de IUCN,NA
especies_continentales_amenazadas_global_lr_lc,Número de especies continentales LR/LC categoría global,especies,continentales,amenazadas-global-lr-lc,amenazadas_global,lr_lc,Número de especies con hábitat continental en la categoría Menor Riesgo: Dependiente de la Conservación según la lista roja de IUCN,NA
especies_continentales_amenazadas_global_lr_nt,Número de especies continentales LR/NT categoría global,especies,continentales,amenazadas-global-lr-nt,amenazadas_global,lr_nt,Número de especies con hábitat continental en la categoría Casi amenazado según la lista roja de IUCN,NA
registros_continentales_amenazadas_nacional_total,Número de registros continentales amenaza nacional,registros,continentales,amenazadas-nacional,amenazadas_nacional,total,Total de registros relacionados a especies con hábitat continental amenazadas según la resolución 1912 de 2017 emitida por el ministerio de ambiente y desarrollo sostenible,NA
registros_continentales_amenazadas_nacional_cr,Registros continentales CR categoría nacional,registros,continentales,amenazadas-nacional-cr,amenazadas_nacional,cr,Registros relacionados a especies con hábitat continental amenazadas en la categoría En peligro crítico según la resolución 1912 de 2017 emitida por el ministerio de ambiente y desarrollo sostenible,NA
registros_continentales_amenazadas_nacional_en,Registros continentales EN categoría nacional,registros,continentales,amenazadas-nacional-en,amenazadas_nacional,en,Registros relacionados a especies con hábitat continental amenazadas en la categoría En peligro según la resolución 1912 de 2017 emitida por el ministerio de ambiente y desarrollo sostenible,NA
registros_continentales_amenazadas_nacional_vu,Registros continentales VU categoría nacional,registros,continentales,amenazadas-nacional-vu,amenazadas_nacional,vu,Registros relacionados a especies con hábitat continental amenazadas en la categoría Vulnerable según la resolución 1912 de 2017 emitida por el ministerio de ambiente y desarrollo sostenible,NA
registros_continentales_cites_total,Número de registros continentales CITES,registros,continentales,cites,cites,total,Total de registros relacionados a especies con hábitat continental encontradas en algún apéndice CITES,NA
registros_continentales_cites_i,Registros continentales I CITES,registros,continentales,cites-i,cites,i,Total de registros relacionados a especies con hábitat continental encontradas en el apéndice I CITES,NA
registros_continentales_cites_i_ii,Registros continentales I-II CITES,registros,continentales,cites-i-ii,cites,i_ii,Total de registros relacionados a especies con hábitat continental encontradas en el apéndice II CITES,NA
registros_continentales_cites_ii,Registros continentales II CITES,registros,continentales,cites-ii,cites,ii,Total de registros relacionados a especies con hábitat continental encontradas en el apéndice I/II CITES,NA
registros_continentales_cites_iii,Registros continentales III CITES,registros,continentales,cites-iii,cites,iii,Total de registros relacionados a especies con hábitat continental encontradas en el apéndice III CITES,NA
registros_continentales_endemicas,Número registros continentales éndemicas,registros,continentales,endemicas,endemicas,NA,"Número de registros asociados a especies endémicas con hábitat continental reportadas en las listas de especies disponibles en el SiB Colombia (Peces dulceacuicolas, mamíferos, aves, algunos grupos de coleópteros y plantas)",NA
registros_continentales_exoticas_total,Número total de registros continentales de especies exoticas,registros,continentales,exoticas-total,exoticas_total,total,"Número total registros relacionados a especies exóticas continentales encontradas en el país dentro de las categorías exóticas, invasoras y exóticas con potencial de invasión. Estas especies se obtienen de los listados publicados por el ministerio de ambiente y desarrollo sostenible, GRIIS (Global Register of Introduced and Invasive Species) y listas internas del catalogador de información Biológica-IAvH.",NA
registros_continentales_exoticas,Número registros continentales exoticas,registros,continentales,exoticas,exoticas_total,exoticas,Número de registros asociados a especies con hábitat continental catalogadas como exóticas según la lista GRIIS (Global Register of Introduced and Invasive Species) y algunas listas internas del catalogador de información Biológica-IAvH,1
registros_continentales_migratorias,Número registros continentales migratorias,registros,continentales,migratorias,migratorias,NA,"Número de registros asociados a especies migratorias con hábitat continental reportadas en las listas de especies disponibles en el SiB Colombia (Peces dulceacuicolas, mamíferos, aves, algunos grupos de coleópteros y plantas)",NA
registros_continentales_invasoras,Número registros continentales invasora,registros,continentales,invasoras,exoticas_total,invasoras,Número de registros asociados a especies con hábitat continental catalogadas como invasoras según la resolución 848-2008 emitida por el ministerio de ambiente y desarrollo sostenible,3
registros_continentales_exoticas_riesgo_invasion_total,Número registros continentales exoticas con potencial de invasión,registros,continentales,exoticas-riesgo-invasion-total,exoticas_total,exoticas_riesgo_invasion_total,Número de registros asociados a especies con hábitat continental consideradas como Exóticas con alto riesgo de invasión según la lista GRIIS (Global Register of Introduced and Invasive Species) y algunas listas internas del catalogador de información Biológica-IAvH,2
registros_continentales_trasplantadas,Número de registros continentales trasplantadas,registros,continentales,trasplantadas,exoticas_total,trasplantadas,Número de registros con hábitat continental trasplantadas,4
registros_continentales_amenazadas_global_total,Número registros continentales amenaza global,registros,continentales,amenazadas-global,amenazadas_global,total,Total de registros con hábitat continental relacionados a especies amenazadas según la lista roja de IUCN,NA
registros_continentales_amenazadas_global_ex,Número registros continentales EX categoría global,registros,continentales,amenazadas-global-ex,amenazadas_global,ex,Número de registros relacionados a especies con hábitat continental en la categoría Extinto según la lista roja de IUCN,NA
registros_continentales_amenazadas_global_ew,Número registros continentales EW categoría global,registros,continentales,amenazadas-global-ew,amenazadas_global,ew,Número de registros relacionados a especies con hábitat continental en la categoría Extinto en estado silvestre según la lista roja de IUCN,NA
registros_continentales_amenazadas_global_cr,Número registros continentales CR categoría global,registros,continentales,amenazadas-global-cr,amenazadas_global,cr,Número de registros relacionados a especies con hábitat continental en la categoría En peligro crítico según la lista roja de IUCN,NA
registros_continentales_amenazadas_global_en,Número registros continentales EN categoría global,registros,continentales,amenazadas-global-en,amenazadas_global,en,Número de registros relacionados a especies con hábitat continental en la categoría En peligro según la lista roja de IUCN,NA
registros_continentales_amenazadas_global_vu,Número registros continentales VU categoría global,registros,continentales,amenazadas-global-vu,amenazadas_global,vu,Número de registros relacionados a especies con hábitat continental en la categoría Vulnerable según la lista roja de IUCN,NA
registros_continentales_amenazadas_global_lr_cd,Número registros continentales LR/Cd categoría global,registros,continentales,amenazadas-global-lr-cd,amenazadas_global,lr_cd,Número de registros continentales en la categoría Menor Riesgo: Dependiente de la Conservación según la lista roja de IUCN,NA
registros_continentales_amenazadas_global_nt,Número registros continentales NT categoría global,registros,continentales,amenazadas-global-nt,amenazadas_global,nt,Número de registros relacionados a especies con hábitat continental en la categoría Casi amenazado según la lista roja de IUCN,NA
registros_continentales_amenazadas_global_lc,Número registros continentales LC categoría global,registros,continentales,amenazadas-global-lc,amenazadas_global,lc,Número de registros relacionados a especies con hábitat continental en la categoría Preocupación menor según la lista roja de IUCN,NA
registros_continentales_amenazadas_global_dd,Número registros continentales DD categoría global,registros,continentales,amenazadas-global-dd,amenazadas_global,dd,Número de registros relacionados a especies con hábitat continental en la categoría Datos insuficientes según la lista roja de IUCN,NA
registros_continentales_amenazadas_global_ne,Número registros continentales NE categoría global,registros,continentales,amenazadas-global-ne,amenazadas_global,ne,Número de registros relacionados a especies continentales no evaluadas dentro de las categorías de amenaza de la lista roja de IUCN,NA
registros_continentales_amenazadas_global_lr_lc,Número registros continentales LR/LC categoría global,registros,continentales,amenazadas-global-lr-lc,amenazadas_global,lr_lc,Número de registros relacionados a especies con hábitat continental en la categoría Preocupación menor según la lista roja de IUCN,NA
registros_continentales_amenazadas_global_lr_nt,Número registros continentales LR/NT categoría global,registros,continentales,amenazadas-global-lr-nt,amenazadas_global,lr_nt,Número de registros relacionados a especies con hábitat continental en la categoría Casi amenazado según la lista roja de IUCN,NA
especies_marinas_amenazadas_nacional_total,Número de especies marinas amenaza nacional,especies,marinas,amenazadas-nacional,amenazadas_nacional,total,Total de especies con hábitat marino amenazadas según la resolución 1912 de 2017 emitida por el ministerio de ambiente y desarrollo sostenible,NA
especies_marinas_amenazadas_nacional_en,Especies marinas CR categoría nacional,especies,marinas,amenazadas-nacional-en,amenazadas_nacional,en,Especies con hábitat marino amenazadas en la categoría En peligro según la resolución 1912 de 2017 emitida por el ministerio de ambiente y desarrollo sostenible,NA
especies_marinas_amenazadas_nacional_cr,Especies marinas EN categoría nacional,especies,marinas,amenazadas-nacional-cr,amenazadas_nacional,cr,Especies con hábitat continental amenazadas en la categoría En peligro crítico según la resolución 1912 de 2017 emitida por el ministerio de ambiente y desarrollo sostenible,NA
especies_marinas_amenazadas_nacional_vu,Especies marinas VU categoría nacional,especies,marinas,amenazadas-nacional-vu,amenazadas_nacional,vu,Especies con hábitat continental amenazadas en la categoría Vulnerable según la resolución 1912 de 2017 emitida por el ministerio de ambiente y desarrollo sostenible,NA
especies_marinas_cites_total,Número de especies marinas CITES,especies,marinas,cites,cites,total,Total de especies con hábitat marino encontradas en algún apéndice CITES,NA
especies_marinas_cites_i,Especies marinas I CITES,especies,marinas,cites-i,cites,i,Total de especies con hábitat marino encontradas en el apéndice I CITES,NA
especies_marinas_cites_i_ii,Especies marinas I-II CITES,especies,marinas,cites-i-ii,cites,i_ii,Total de especies con hábitat marino encontradas en el apéndice II CITES,NA
especies_marinas_cites_ii,Especies marinas II CITES,especies,marinas,cites-ii,cites,ii,Total de especies con hábitat marino encontradas en el apéndice I/II CITES,NA
especies_marinas_cites_iii,Especies marinas III CITES,especies,marinas,cites-iii,cites,iii,Total de especies con hábitat marino encontradas en el apéndice III CITES,NA
especies_marinas_endemicas,Número especies marinas éndemicas,especies,marinas,endemicas,endemicas,NA,"Número de especies endémicas con hábitat marino reportadas en las listas de especies disponibles en el SiB Colombia (Peces dulceacuicolas, mamíferos, aves, algunos grupos de coleópteros y plantas)",NA
especies_marinas_exoticas_total,Número total de especies marinas exoticas,especies,marinas,exoticas-total,exoticas_total,total,"Número total de especies marinas exóticas encontradas en el país dentro de las categorías exóticas, invasoras y exóticas con potencial de invasión. Estas especies se obtienen de los listados publicados por el ministerio de ambiente y desarrollo sostenible, GRIIS (Global Register of Introduced and Invasive Species) y listas internas del catalogador de información Biológica-IAvH.",NA
especies_marinas_exoticas,Número especies marinas exoticas,especies,marinas,exoticas,exoticas_total,exoticas,Número de especies con hábitat marino catalogadas como exóticas según la lista GRIIS (Global Register of Introduced and Invasive Species) y algunas listas internas del catalogador de información Biológica-IAvH,1
especies_marinas_migratorias,Número especies marinas migratorias,especies,marinas,migratorias,migratorias,NA,"Número de especies migratorias con hábitat marino reportadas en las listas de especies disponibles en el SiB Colombia (Peces dulceacuicolas, mamíferos, aves, algunos grupos de coleópteros y plantas)",NA
especies_marinas_invasoras,Número especies marinas invasora,especies,marinas,invasoras,exoticas_total,invasoras,Número de especies con hábitat marino catalogadas como invasoras según la resolución 848-2008 emitida por el ministerio de ambiente y desarrollo sostenible,3
especies_marinas_exoticas_riesgo_invasion_total,Número especies marinas exoticas con potencial de invasión,especies,marinas,exoticas-riesgo-invasion-total,exoticas_total,exoticas_riesgo_invasion_total,Número de especies con hábitat marino consideradas como Exóticas con alto riesgo de invasión según la lista GRIIS (Global Register of Introduced and Invasive Species) y algunas listas internas del catalogador de información Biológica-IAvH,2
especies_marinas_trasplantadas,Número de especies marinas trasplantadas,especies,marinas,trasplantadas,exoticas_total,trasplantadas,Número de especies con hábitat marino trasplantadas,4
especies_marinas_amenazadas_global_total,Número especies marinas amenaza global,especies,marinas,amenazadas-global,amenazadas_global,total,Total de especies con hábitat marino amenazadas según la lista roja de IUCN,NA
especies_marinas_amenazadas_global_ex,Número especies marinas EX categoría global,especies,marinas,amenazadas-global-ex,amenazadas_global,ex,Número de especies con hábitat marino en la categoría Extinto según la lista roja de IUCN,NA
especies_marinas_amenazadas_global_ew,Número especies marinas EW categoría global,especies,marinas,amenazadas-global-ew,amenazadas_global,ew,Número de especies con hábitat marino en la categoría Extinto en estado silvestre según la lista roja de IUCN,NA
especies_marinas_amenazadas_global_cr,Número especies marinas CR categoría global,especies,marinas,amenazadas-global-cr,amenazadas_global,cr,Número de especies con hábitat marino en la categoría En peligro crítico según la lista roja de IUCN,NA
especies_marinas_amenazadas_global_en,Número especies marinas EN categoría global,especies,marinas,amenazadas-global-en,amenazadas_global,en,Número de especies con hábitat marino en la categoría En peligro según la lista roja de IUCN,NA
especies_marinas_amenazadas_global_vu,Número especies marinas VU categoría global,especies,marinas,amenazadas-global-vu,amenazadas_global,vu,Número de especies con hábitat marino en la categoría Vulnerable según la lista roja de IUCN,NA
especies_marinas_amenazadas_global_lr_cd,Número especies marinas LR/Cd categoría global,especies,marinas,amenazadas-global-lr-cd,amenazadas_global,lr_cd,Número de especies marinas en la categoría Menor Riesgo: Dependiente de la Conservación según la lista roja de IUCN,NA
especies_marinas_amenazadas_global_nt,Número especies marinas NT categoría global,especies,marinas,amenazadas-global-nt,amenazadas_global,nt,Número de especies con hábitat marino en la categoría Casi amenazado según la lista roja de IUCN,NA
especies_marinas_amenazadas_global_lc,Número especies marinas LC categoría global,especies,marinas,amenazadas-global-lc,amenazadas_global,lc,Número de especies con hábitat marino en la categoría Preocupación menor según la lista roja de IUCN,NA
especies_marinas_amenazadas_global_dd,Número especies marinas DD categoría global,especies,marinas,amenazadas-global-dd,amenazadas_global,dd,Número de especies con hábitat marino en la categoría Datos insuficientes según la lista roja de IUCN,NA
especies_marinas_amenazadas_global_ne,Número especies marinas NE categoría global,especies,marinas,amenazadas-global-ne,amenazadas_global,ne,Número de especies marinas no evaluadas dentro de las categorías de amenaza de la lista roja de IUCN,NA
especies_marinas_amenazadas_global_lr_lc,Número especies marinas LR/LC categoría global,especies,marinas,amenazadas-global-lr-lc,amenazadas_global,lr_lc,Número de especies con hábitat marino en la categoría Menor Riesgo: Dependiente de la Conservación según la lista roja de IUCN,NA
especies_marinas_amenazadas_global_lr_nt,Número especies marinas LR/NT categoría global,especies,marinas,amenazadas-global-lr-nt,amenazadas_global,lr_nt,Número de especies con hábitat marino en la categoría Casi amenazado según la lista roja de IUCN,NA
registros_marinas_amenazadas_nacional_total,Número de registros marinos amenaza nacional,registros,marinas,amenazadas-nacional,amenazadas_nacional,total,Total de registros relacionados a especies con hábitat marino amenazadas según la resolución 1912 de 2017 emitida por el ministerio de ambiente y desarrollo sostenible,NA
registros_marinas_amenazadas_nacional_cr,Registros marinos CR categoría nacional,registros,marinas,amenazadas-nacional-cr,amenazadas_nacional,cr,Registros relacionados a especies con hábitat marino amenazadas en la categoría En peligro crítico según la resolución 1912 de 2017 emitida por el ministerio de ambiente y desarrollo sostenible,NA
registros_marinas_amenazadas_nacional_en,Registros marinos EN categoría nacional,registros,marinas,amenazadas-nacional-en,amenazadas_nacional,en,Registros relacionados a especies con hábitat marino amenazadas en la categoría En peligro según la resolución 1912 de 2017 emitida por el ministerio de ambiente y desarrollo sostenible,NA
registros_marinas_amenazadas_nacional_vu,Registros marinos VU categoría nacional,registros,marinas,amenazadas-nacional-vu,amenazadas_nacional,vu,Registros relacionados a especies con hábitat marino amenazadas en la categoría Vulnerable según la resolución 1912 de 2017 emitida por el ministerio de ambiente y desarrollo sostenible,NA
registros_marinas_cites_total,Número de registros marinos CITES,registros,marinas,cites,cites,total,Total de registros relacionados a especies con hábitat marino encontradas en algún apéndice CITES,NA
registros_marinas_cites_i,Registros marinos I CITES,registros,marinas,cites-i,cites,i,Total de registros relacionados a especies con hábitat marino encontradas en el apéndice I CITES,NA
registros_marinas_cites_i_ii,Registros marinos I-II CITES,registros,marinas,cites-i-ii,cites,i_ii,Total de registros relacionados a especies con hábitat marino encontradas en el apéndice II CITES,NA
registros_marinas_cites_ii,Registros marinos II CITES,registros,marinas,cites-ii,cites,ii,Total de registros relacionados a especies con hábitat marino encontradas en el apéndice I/II CITES,NA
registros_marinas_cites_iii,Registros marinos III CITES,registros,marinas,cites-iii,cites,iii,Total de registros relacionados a especies con hábitat marino encontradas en el apéndice III CITES,NA
registros_marinas_endemicas,Número registros marinas éndemicas,registros,marinas,endemicas,endemicas,NA,"Número de registros asociados a especies endémicas con hábitat marino reportadas en las listas de especies disponibles en el SiB Colombia (Peces dulceacuicolas, mamíferos, aves, algunos grupos de coleópteros y plantas)",NA
registros_marinas_exoticas_total,Número total de registros marinas de especies exoticas,registros,marinas,exoticas-total,exoticas_total,total,"Número total registros relacionados a especies exóticas marinas encontradas en el país dentro de las categorías exóticas, invasoras y exóticas con potencial de invasión. Estas especies se obtienen de los listados publicados por el ministerio de ambiente y desarrollo sostenible, GRIIS (Global Register of Introduced and Invasive Species) y listas internas del catalogador de información Biológica-IAvH.",NA
registros_marinas_exoticas,Número registros marinas exoticas,registros,marinas,exoticas,exoticas_total,exoticas,Número de registros asociados a especies con hábitat marino catalogadas como exóticas según la lista GRIIS (Global Register of Introduced and Invasive Species) y algunas listas internas del catalogador de información Biológica-IAvH,1
registros_marinas_migratorias,Número registros marinas migratorias,registros,marinas,migratorias,migratorias,NA,"Número de registros asociados a especies migratorias con hábitat marino reportadas en las listas de especies disponibles en el SiB Colombia (Peces dulceacuicolas, mamíferos, aves, algunos grupos de coleópteros y plantas)",NA
registros_marinas_invasoras,Número registros marinas invasora,registros,marinas,invasoras,exoticas_total,invasoras,Número de registros asociados a especies con hábitat marino catalogadas como invasoras según la resolución 848-2008 emitida por el ministerio de ambiente y desarrollo sostenible,3
registros_marinas_exoticas_riesgo_invasion_total,Número registros marinos exoticas con potencial de invasión,registros,marinas,exoticas-riesgo-invasion-total,exoticas_total,exoticas_riesgo_invasion_total,Número de registros asociados a especies con hábitat marino consideradas como Exóticas con alto riesgo de invasión según la lista GRIIS (Global Register of Introduced and Invasive Species) y algunas listas internas del catalogador de información Biológica-IAvH,2
registros_marinos_trasplantadas,Número de registros marinos trasplantadas,registros,marinas,trasplantadas,exoticas_total,trasplantadas,Número de registros con hábitat marino trasplantadas,4
registros_marinas_amenazadas_global_total,Número registros marinos amenaza global,registros,marinas,amenazadas-global,amenazadas_global,total,Total de registros con hábitat marino relacionados a especies amenazadas según la lista roja de IUCN,NA
registros_marinas_amenazadas_global_ex,Número registros marinos EX categoría global,registros,marinas,amenazadas-global-ex,amenazadas_global,ex,Número de registros relacionados a especies con hábitat marino en la categoría Extinto según la lista roja de IUCN,NA
registros_marinas_amenazadas_global_ew,Número registros marinos EW categoría global,registros,marinas,amenazadas-global-ew,amenazadas_global,ew,Número de registros relacionados a especies con hábitat marino en la categoría Extinto en estado silvestre según la lista roja de IUCN,NA
registros_marinas_amenazadas_global_cr,Número registros marinos CR categoría global,registros,marinas,amenazadas-global-cr,amenazadas_global,cr,Número de registros relacionados a especies con hábitat marino en la categoría En peligro crítico según la lista roja de IUCN,NA
registros_marinas_amenazadas_global_en,Número registros marinos EN categoría global,registros,marinas,amenazadas-global-en,amenazadas_global,en,Número de registros relacionados a especies con hábitat marino en la categoría En peligro según la lista roja de IUCN,NA
registros_marinas_amenazadas_global_vu,Número registros marinos VU categoría global,registros,marinas,amenazadas-global-vu,amenazadas_global,vu,Número de registros relacionados a especies con hábitat marino en la categoría Vulnerable según la lista roja de IUCN,NA
registros_marinas_amenazadas_global_lr_cd,Número registros marinos LR/Cd categoría global,registros,marinas,amenazadas-global-lr-cd,amenazadas_global,lr_cd,Número de registros marinos en la categoría Menor Riesgo: Dependiente de la Conservación según la lista roja de IUCN,NA
registros_marinas_amenazadas_global_nt,Número registros marinos NT categoría global,registros,marinas,amenazadas-global-nt,amenazadas_global,nt,Número de registros relacionados a especies con hábitat marino en la categoría Casi amenazado según la lista roja de IUCN,NA
registros_marinas_amenazadas_global_lc,Número registros marinos LC categoría global,registros,marinas,amenazadas-global-lc,amenazadas_global,lc,Número de registros relacionados a especies con hábitat marino en la categoría Preocupación menor según la lista roja de IUCN,NA
registros_marinas_amenazadas_global_dd,Número registros marinos DD categoría global,registros,marinas,amenazadas-global-dd,amenazadas_global,dd,Número de registros relacionados a especies con hábitat marino en la categoría Datos insuficientes según la lista roja de IUCN,NA
registros_marinas_amenazadas_global_ne,Número registros marinos NE categoría global,registros,marinas,amenazadas-global-ne,amenazadas_global,ne,Número de registros relacionados a especies marinas no evaluadas dentro de las categorías de amenaza de la lista roja de IUCN,NA
registros_marinas_amenazadas_global_lr_lc,Número registros marinos LR/LC categoría global,registros,marinas,amenazadas-global-lr-lc,amenazadas_global,lr_lc,Número de registros relacionados a especies con hábitat marino en la categoría Preocupación menor según la lista roja de IUCN,NA
registros_marinas_amenazadas_global_lr_nt,Número registros marinos LR/NT categoría global,registros,marinas,amenazadas-global-lr-nt,amenazadas_global,lr_nt,Número de registros relacionados a especies con hábitat marino en la categoría Casi amenazado según la lista roja de IUCN,NA
especies_salobres_amenazadas_nacional_total,Número de especies salobres amenaza nacional,especies,salobres,amenazadas-nacional,amenazadas_nacional,total,Total de especies con hábitat salobre amenazadas según la resolución 1912 de 2017 emitida por el ministerio de ambiente y desarrollo sostenible,NA
especies_salobres_amenazadas_nacional_cr,Especies salobres CR categoría nacional,especies,salobres,amenazadas-nacional-cr,amenazadas_nacional,cr,Especies con hábitat salobre amenazadas en la categoría En peligro según la resolución 1912 de 2017 emitida por el ministerio de ambiente y desarrollo sostenible,NA
especies_salobres_amenazadas_nacional_en,Especies salobres EN categoría nacional,especies,salobres,amenazadas-nacional-en,amenazadas_nacional,en,Especies con hábitat salobre amenazadas en la categoría En peligro crítico según la resolución 1912 de 2017 emitida por el ministerio de ambiente y desarrollo sostenible,NA
especies_salobres_amenazadas_nacional_vu,Especies salobres VU categoría nacional,especies,salobres,amenazadas-nacional-vu,amenazadas_nacional,vu,Especies con hábitat salobre amenazadas en la categoría Vulnerable según la resolución 1912 de 2017 emitida por el ministerio de ambiente y desarrollo sostenible,NA
especies_salobres_cites_total,Número de especies salobres CITES,especies,salobres,cites,cites,total,Total de especies con hábitat salobre encontradas en algún apéndice CITES,NA
especies_salobres_cites_i,Especies salobres I CITES,especies,salobres,cites-i,cites,i,Total de especies con hábitat salobre encontradas en el apéndice I CITES,NA
especies_salobres_cites_i_ii,Especies salobres I-II CITES,especies,salobres,cites-i-ii,cites,i_ii,Total de especies con hábitat salobre encontradas en el apéndice II CITES,NA
especies_salobres_cites_ii,Especies salobres II CITES,especies,salobres,cites-ii,cites,ii,Total de especies con hábitat salobre encontradas en el apéndice I/II CITES,NA
especies_salobres_cites_iii,Especies salobres III CITES,especies,salobres,cites-iii,cites,iii,Total de especies con hábitat salobre encontradas en el apéndice III CITES,NA
especies_salobres_endemicas,Número especies salobres éndemicas,especies,salobres,endemicas,endemicas,NA,"Número de especies endémicas con hábitat salobre reportadas en las listas de especies disponibles en el SiB Colombia (Peces dulceacuicolas, mamíferos, aves, algunos grupos de coleópteros y plantas)",NA
especies_salobres_exoticas_total,Número total de especies salobres exoticas,especies,salobres,exoticas-total,exoticas_total,total,"Número total de especies salobres exóticas encontradas en el país dentro de las categorías exóticas, invasoras y exóticas con potencial de invasión. Estas especies se obtienen de los listados publicados por el ministerio de ambiente y desarrollo sostenible, GRIIS (Global Register of Introduced and Invasive Species) y listas internas del catalogador de información Biológica-IAvH.",NA
especies_salobres_exoticas,Número especies salobres exoticas,especies,salobres,exoticas,exoticas_total,exoticas,Número de especies con hábitat salobre catalogadas como exóticas según la lista GRIIS (Global Register of Introduced and Invasive Species) y algunas listas internas del catalogador de información Biológica-IAvH,1
especies_salobres_migratorias,Número especies salobres migratorias,especies,salobres,migratorias,migratorias,NA,"Número de especies migratorias con hábitat salobre reportadas en las listas de especies disponibles en el SiB Colombia (Peces dulceacuicolas, mamíferos, aves, algunos grupos de coleópteros y plantas)",NA
especies_salobres_invasoras,Número especies salobres invasora,especies,salobres,invasoras,exoticas_total,invasoras,Número de especies con hábitat salobre catalogadas como invasoras según la resolución 848-2008 emitida por el ministerio de ambiente y desarrollo sostenible,3
especies_salobres_exoticas_riesgo_invasion_total,Número especies salobres exoticas con potencial de invasión,especies,salobres,exoticas-riesgo-invasion-total,exoticas_total,exoticas_riesgo_invasion_total,Número de especies con hábitat salobre consideradas como Exóticas con alto riesgo de invasión según la lista GRIIS (Global Register of Introduced and Invasive Species) y algunas listas internas del catalogador de información Biológica-IAvH,2
especies_salobres_trasplantadas,Número de especies salobres trasplantadas,especies,salobres,trasplantadas,exoticas_total,trasplantadas,Número de especies con hábitat salobre trasplantadas,4
especies_salobres_amenazadas_global_total,Número especies salobres amenaza global,especies,salobres,amenazadas-global,amenazadas_global,total,Total de especies con hábitat salobre amenazadas según la lista roja de IUCN,NA
especies_salobres_amenazadas_global_ex,Número especies salobres EX categoría global,especies,salobres,amenazadas-global-ex,amenazadas_global,ex,Número de especies con hábitat salobre en la categoría Extinto según la lista roja de IUCN,NA
especies_salobres_amenazadas_global_ew,Número especies salobres EW categoría global,especies,salobres,amenazadas-global-ew,amenazadas_global,ew,Número de especies con hábitat salobre en la categoría Extinto en estado silvestre según la lista roja de IUCN,NA
especies_salobres_amenazadas_global_cr,Número especies salobres CR categoría global,especies,salobres,amenazadas-global-cr,amenazadas_global,cr,Número de especies con hábitat salobre en la categoría En peligro crítico según la lista roja de IUCN,NA
especies_salobres_amenazadas_global_en,Número especies salobres EN categoría global,especies,salobres,amenazadas-global-en,amenazadas_global,en,Número de especies con hábitat salobre en la categoría En peligro según la lista roja de IUCN,NA
especies_salobres_amenazadas_global_vu,Número especies salobres VU categoría global,especies,salobres,amenazadas-global-vu,amenazadas_global,vu,Número de especies con hábitat salobre en la categoría Vulnerable según la lista roja de IUCN,NA
especies_salobres_amenazadas_global_lr_cd,Número especies salobres LR/Cd categoría global,especies,salobres,amenazadas-global-lr-cd,amenazadas_global,lr_cd,Número de especies salobres en la categoría Menor Riesgo: Dependiente de la Conservación según la lista roja de IUCN,NA
especies_salobres_amenazadas_global_nt,Número especies salobres NT categoría global,especies,salobres,amenazadas-global-nt,amenazadas_global,nt,Número de especies con hábitat salobre en la categoría Casi amenazado según la lista roja de IUCN,NA
especies_salobres_amenazadas_global_lc,Número especies salobres LC categoría global,especies,salobres,amenazadas-global-lc,amenazadas_global,lc,Número de especies con hábitat salobre en la categoría Preocupación menor según la lista roja de IUCN,NA
especies_salobres_amenazadas_global_dd,Número especies salobres DD categoría global,especies,salobres,amenazadas-global-dd,amenazadas_global,dd,Número de especies con hábitat salobre en la categoría Datos insuficientes según la lista roja de IUCN,NA
especies_salobres_amenazadas_global_ne,Número especies salobres NE categoría global,especies,salobres,amenazadas-global-ne,amenazadas_global,ne,Número de especies salobres no evaluadas dentro de las categorías de amenaza de la lista roja de IUCN,NA
especies_salobres_amenazadas_global_lr_lc,Número especies salobres LR/LC categoría global,especies,salobres,amenazadas-global-lr-lc,amenazadas_global,lr_lc,Número de especies con hábitat salobre en la categoría Menor Riesgo: Dependiente de la Conservación según la lista roja de IUCN,NA
especies_salobres_amenazadas_global_lr_nt,Número especies salobres LR/NT categoría global,especies,salobres,amenazadas-global-lr-nt,amenazadas_global,lr_nt,Número de especies con hábitat salobre en la categoría Casi amenazado según la lista roja de IUCN,NA
registros_salobres_amenazadas_nacional_total,Número de registros salobres amenaza nacional,registros,salobres,amenazadas-nacional,amenazadas_nacional,total,Total de registros relacionados a especies con hábitat salobre amenazadas según la resolución 1912 de 2017 emitida por el ministerio de ambiente y desarrollo sostenible,NA
registros_salobres_amenazadas_nacional_cr,Registros salobres CR categoría nacional,registros,salobres,amenazadas-nacional-cr,amenazadas_nacional,cr,Registros relacionados a especies con hábitat salobre amenazadas en la categoría En peligro según la resolución 1912 de 2017 emitida por el ministerio de ambiente y desarrollo sostenible,NA
registros_salobres_amenazadas_nacional_en,Registros salobres EN categoría nacional,registros,salobres,amenazadas-nacional-en,amenazadas_nacional,en,Registros relacionados a especies con hábitat salobre amenazadas en la categoría En peligro crítico según la resolución 1912 de 2017 emitida por el ministerio de ambiente y desarrollo sostenible,NA
registros_salobres_amenazadas_nacional_vu,Registros salobres VU categoría nacional,registros,salobres,amenazadas-nacional-vu,amenazadas_nacional,vu,Registros relacionados a especies con hábitat salobre amenazadas en la categoría Vulnerable según la resolución 1912 de 2017 emitida por el ministerio de ambiente y desarrollo sostenible,NA
registros_salobres_cites_total,Número de registros salobres CITES,registros,salobres,cites,cites,total,Total de registros relacionados a especies con hábitat salobre encontradas en algún apéndice CITES,NA
registros_salobres_cites_i,Registros salobres I CITES,registros,salobres,cites-i,cites,i,Total de registros relacionados a especies con hábitat salobre encontradas en el apéndice I CITES,NA
registros_salobres_cites_i_ii,Registros salobres I-II CITES,registros,salobres,cites-i-ii,cites,i_ii,Total de registros relacionados a especies con hábitat salobre encontradas en el apéndice II CITES,NA
registros_salobres_cites_ii,Registros salobres II CITES,registros,salobres,cites-ii,cites,ii,Total de registros relacionados a especies con hábitat salobre encontradas en el apéndice I/II CITES,NA
registros_salobres_cites_iii,Registros salobres III CITES,registros,salobres,cites-iii,cites,iii,Total de registros relacionados a especies con hábitat salobre encontradas en el apéndice III CITES,NA
registros_salobres_endemicas,Número registros salobres éndemicas,registros,salobres,endemicas,endemicas,NA,"Número de registros asociados a especies endémicas con hábitat salobre reportadas en las listas de especies disponibles en el SiB Colombia (Peces dulceacuicolas, mamíferos, aves, algunos grupos de coleópteros y plantas)",NA
registros_salobres_exoticas_total,Número total de registros salobres de especies exoticas,registros,salobres,exoticas-total,exoticas_total,total,"Número total registros relacionados a especies exóticas salobres encontradas en el país dentro de las categorías exóticas, invasoras y exóticas con potencial de invasión. Estas especies se obtienen de los listados publicados por el ministerio de ambiente y desarrollo sostenible, GRIIS (Global Register of Introduced and Invasive Species) y listas internas del catalogador de información Biológica-IAvH.",NA
registros_salobres_exoticas,Número registros salobres exoticas,registros,salobres,exoticas,exoticas_total,exoticas,Número de registros asociados a especies con hábitat salobre catalogadas como exóticas según la lista GRIIS (Global Register of Introduced and Invasive Species) y algunas listas internas del catalogador de información Biológica-IAvH,1
registros_salobres_migratorias,Número registros salobres migratorias,registros,salobres,migratorias,migratorias,NA,"Número de registros asociados a especies migratorias con hábitat salobre reportadas en las listas de especies disponibles en el SiB Colombia (Peces dulceacuicolas, mamíferos, aves, algunos grupos de coleópteros y plantas)",NA
registros_salobres_invasoras,Número registros salobres invasora,registros,salobres,invasoras,exoticas_total,invasoras,Número de registros asociados a especies con hábitat salobre catalogadas como invasoras según la resolución 848-2008 emitida por el ministerio de ambiente y desarrollo sostenible,3
registros_salobres_exoticas_riesgo_invasion_total,Número registros salobres exoticas con potencial de invasión,registros,salobres,exoticas-riesgo-invasion-total,exoticas_total,exoticas_riesgo_invasion_total,Número de registros asociados a especies con hábitat salobre consideradas como Exóticas con alto riesgo de invasión según la lista GRIIS (Global Register of Introduced and Invasive Species) y algunas listas internas del catalogador de información Biológica-IAvH,2
registros_salobres_trasplantadas,Número de registros salobres trasplantadas,registros,salobres,trasplantadas,exoticas_total,trasplantadas,Número de registros con hábitat salobre trasplantadas,4
registros_salobres_amenazadas_global_total,Número registros salobres amenaza global,registros,salobres,amenazadas-global,amenazadas_global,total,Total de registros con hábitat salobre relacionados a especies amenazadas según la lista roja de IUCN,NA
registros_salobres_amenazadas_global_ex,Número registros salobres EX categoría global,registros,salobres,amenazadas-global-ex,amenazadas_global,ex,Número de registros relacionados a especies con hábitat salobre en la categoría Extinto según la lista roja de IUCN,NA
registros_salobres_amenazadas_global_ew,Número registros salobres EW categoría global,registros,salobres,amenazadas-global-ew,amenazadas_global,ew,Número de registros relacionados a especies con hábitat salobre en la categoría Extinto en estado silvestre según la lista roja de IUCN,NA
registros_salobres_amenazadas_global_cr,Número registros salobres CR categoría global,registros,salobres,amenazadas-global-cr,amenazadas_global,cr,Número de registros relacionados a especies con hábitat salobre en la categoría En peligro crítico según la lista roja de IUCN,NA
registros_salobres_amenazadas_global_en,Número registros salobres EN categoría global,registros,salobres,amenazadas-global-en,amenazadas_global,en,Número de registros relacionados a especies con hábitat salobre en la categoría En peligro según la lista roja de IUCN,NA
registros_salobres_amenazadas_global_vu,Número registros salobres VU categoría global,registros,salobres,amenazadas-global-vu,amenazadas_global,vu,Número de registros relacionados a especies con hábitat salobre en la categoría Vulnerable según la lista roja de IUCN,NA
registros_salobres_amenazadas_global_lr_cd,Número registros salobres LR/Cd categoría global,registros,salobres,amenazadas-global-lr-cd,amenazadas_global,lr_cd,Número de registros salobres en la categoría Menor Riesgo: Dependiente de la Conservación según la lista roja de IUCN,NA
registros_salobres_amenazadas_global_nt,Número registros salobres NT categoría global,registros,salobres,amenazadas-global-nt,amenazadas_global,nt,Número de registros relacionados a especies con hábitat salobre en la categoría Preocupación menor según la lista roja de IUCN,NA
registros_salobres_amenazadas_global_lc,Número registros salobres LC categoría global,registros,salobres,amenazadas-global-lc,amenazadas_global,lc,Número de registros relacionados a especies con hábitat salobre en la categoría Datos insuficientes según la lista roja de IUCN,NA
registros_salobres_amenazadas_global_dd,Número registros salobres DD categoría global,registros,salobres,amenazadas-global-dd,amenazadas_global,dd,Número de registros relacionados a especies con hábitat salobre en la categoría Datos insuficientes según la lista roja de IUCN,NA
registros_salobres_amenazadas_global_ne,Número registros salobres NE categoría global,registros,salobres,amenazadas-global-ne,amenazadas_global,ne,Número de registros relacionados a especies salobres no evaluadas dentro de las categorías de amenaza de la lista roja de IUCN,NA
registros_salobres_amenazadas_global_lr_lc,Número registros salobres LR/LC categoría global,registros,salobres,amenazadas-global-lr-lc,amenazadas_global,lr_lc,Número de registros relacionados a especies con hábitat salobre en la categoría Preocupación menor según la lista roja de IUCN,NA
registros_salobres_amenazadas_global_lr_nt,Número registros salobres LR/NT categoría global,registros,salobres,amenazadas-global-lr-nt,amenazadas_global,lr_nt,Número de registros relacionados a especies con hábitat salobre en la categoría Casi amenazado según la lista roja de IUCN,NA
especies_estimadas,Especies estimadas para el país,estimadas,total,NA,NA,NA,NA,NA
especies_endemicas_estimadas,Especies endémicas estimadas para el país,estimadas,total,NA,endemicas,NA,NA,NA
especies_endemicas_estimadas_ref_id,Referencia especies endémicas estimadas para el país,estimadas,total,NA,endemicas,NA,NA,NA
especies_migratorias_estimadas,Especies migratorias estimadas para el país,estimadas,total,NA,migratorias,NA,NA,NA
especies_migratorias_ref_id,Referencia especies migratorias estimadas para el país,estimadas,total,NA,migratorias,NA,NA,NA
especies_amenazadas_nacional_total_estimadas,Especies amenazadas nacional estimadas para el país,estimadas,total,NA,amenazadas_nacional,total,NA,NA
especies_amenazadas_nacional_estimadas_ref_id,Referencia especies amenazadas nacional estimadas para el país,estimadas,total,NA,amenazadas_nacional,NA,NA,NA
especies_amenazadas_nacional_vu_estimadas,Especies amenazadas nacional vu estimadas para el país,estimadas,total,NA,amenazadas_nacional,vu,NA,NA
especies_amenazadas_nacional_en_estimadas,Especies amenazadas nacional en estimadas para el país,estimadas,total,NA,amenazadas_nacional,en,NA,NA
especies_amenazadas_nacional_cr_estimadas,Especies amenazadas nacional cr estimadas para el país,estimadas,total,NA,amenazadas_nacional,cr,NA,NA
especies_cites_total_estimadas,Especies CITES estimadas para el país,estimadas,total,NA,cites,total,NA,NA
especies_cites_estimadas_ref_id,Referencia especies CITES estimadas para el país,estimadas,total,NA,cites,NA,NA,NA
especies_cites_i_estimadas,Especies CITES I estimadas para el país,estimadas,total,NA,cites,i,NA,NA
especies_cites_i_ii_estimadas,Especies CITES I/II estimadas para el país,estimadas,total,NA,cites,i_ii,NA,NA
especies_cites_ii_estimadas,Especies CITES II estimadas para el país,estimadas,total,NA,cites,ii,NA,NA
especies_cites_iii_estimadas,Especies CITES III estimadas para el país,estimadas,total,NA,cites,iii,NA,NA
especies_amenazadas_global_total_estimadas,Especies amenazadas global estimadas para el país,estimadas,total,NA,amenazadas_global,total,NA,NA
especies_amenazadas_global_estimadas_ref_id,Referencia especies amenazadas global estimadas para el país,estimadas,total,NA,amenazadas_global,NA,NA,NA
especies_amenazadas_global_vu_estimadas,Especies amenazadas global vu estimadas para el país,estimadas,total,NA,amenazadas_global,vu,NA,NA
especies_amenazadas_global_en_estimadas,Especies amenazadas global en estimadas para el país,estimadas,total,NA,amenazadas_global,en,NA,NA
especies_amenazadas_global_cr_estimadas,Especies amenazadas global cr estimadas para el país,estimadas,total,NA,amenazadas_global,cr,NA,NA
especies_exoticas_total_estimadas,Especies exóticas totales estimadas para el país,NA,total,NA,exoticas_total,total,NA,NA
especies_exoticas_total_estimadas_ref_id,NA,NA,NA,NA,exoticas_total,NA,NA,NA
especies_exoticas_estimadas,Especies exóticas estimadas para el país,estimadas,total,NA,exoticas_total,exoticas,NA,NA
especies_exoticas_estimadas_ref_id,NA,NA,NA,NA,exoticas_total,NA,NA,NA
especies_invasoras_estimadas,Especies invasoras estimadas para el país,estimadas,total,NA,exoticas_total,invasoras,NA,NA
especies_invasoras_estimadas_ref_id,NA,NA,NA,NA,exoticas_total,NA,NA,NA
especies_exoticas_riesgo_invasion_estimadas,Especies exóticas con riesgo de invasión estimadas para el país,estimadas,total,NA,exoticas_total,exoticas_riesgo_invasion,NA,NA
especies_exoticas_riesgo_invasion_estimadas_ref_id,NA,NA,NA,NA,exoticas_total,NA,NA,NA
especies_trasplantadas_estimadas,Especies trasplantadas estimadas para el país,estimadas,total,NA,exoticas_total,trasplantadas,NA,NA
especies_trasplantadas_estimadas_ref_id,NA,NA,NA,NA,exoticas_total,NA,NA,NA
