slug_region	slug_publicador	registros	especies	registros_continentales	registros_marinos	registros_salobres	especies_continentales	especies_marinas	especies_salobres
boyaca	538c9023-2e18-4769-9230-f840d044406d	1	1						
boyaca	f9b67ad0-9c9b-11d9-b9db-b8a03c50a862	169	71						
boyaca	ccd1ddc0-6c21-11de-8224-b8a03c50a862	277	57						
boyaca	3988de20-0560-11d8-b851-b8a03c50a862	1	1						
boyaca	814cdfb5-d4f8-4453-815f-ea5df98e76bf	16	13						
boyaca	adaeb73b-8f3b-433c-ab2e-a8ca68a7c7ea	7	4						
boyaca	3ecddc17-a081-4e85-92c3-d8e31716342c	107	9						
boyaca	76513b28-548d-480a-8859-bd7f45f8724b	9	3						
boyaca	c803f6f5-2c6a-4b41-8c15-768d48ef1c8c	1422	321						
boyaca	34cc6c50-812c-11de-86fe-b8a03c50a862	63	1						
boyaca	32e82a64-c9b4-4b2f-9fbd-d446309b973f	46	30						
boyaca	1deb09e1-ded6-469a-a46e-f6329cb03b6a	4	1						
boyaca	0dc9c7a0-b5c6-11d9-a0b8-b8a03c50a862	4	2						
boyaca	750a8724-fa66-4c27-b645-bd58ac5ee010	34	2						
boyaca	a3c228d0-3110-11db-abb8-b8a03c50a862	1080	34						
boyaca	57254bd0-8256-11d8-b7ed-b8a03c50a862	214	121						
boyaca	9630292c-c8ef-4efa-adda-399638be3b19	1	1						
boyaca	47380c8a-0edd-4036-b1bc-d852cba8232f	19	4						
boyaca	7a079928-aee9-418a-b083-6152d01c78d6	40	3						
boyaca	0363cbd4-f666-455e-8e86-0bbddcf51950	278	55						
boyaca	66522820-055c-11d8-b84e-b8a03c50a862	148	73						
boyaca	a26fb77a-67a4-4a15-b2c3-0c7b87ddb8e6	6	6						
boyaca	a41250f0-7c3e-11d8-a19c-b8a03c50a862	4	2						
boyaca	c1da06f0-580e-11dc-8a9e-b8a03c50a862	178	48						
boyaca	9d615537-c4d9-40fe-bf74-0e4dc9b42078	22	2						
boyaca	efc2ae40-9880-11da-89b4-b8a03c50a862	1	1						
boyaca	fee3882f-5360-4f01-a1ca-767c48fa629c	1105	79						
boyaca	da583013-8a1b-4570-b0e4-c7cb25b2e7bf	6	2						
boyaca	a61ab068-5b5f-47c7-9322-170e88b09b0d	130	9						
boyaca	75ed8583-8bd8-4f82-9346-75b234fe4682	226	12						
boyaca	0d923068-1cec-44de-8b78-33a51fb0cacd	7	2						
boyaca	ff90b050-c256-11db-b71b-b8a03c50a862	267	162						
boyaca	43a26bbf-466a-4335-96cc-01d0656c614a	93	65						
boyaca	e2e717bf-551a-4917-bdc9-4fa0f342c530	214776	941						
boyaca	03fefd3c-2809-4966-810d-a6c2205ab899	639	52						
boyaca	6e051633-cbf0-4729-be54-f7be1e078c97	768	75						
boyaca	23fe61fe-622d-4523-ae45-8c931f22c534	30	1						
boyaca	488f6b87-5688-4c9a-928c-2d5355054b01	130	21						
boyaca	f7bf768e-d88d-489d-a263-dd07232bd9e4	106	6						
boyaca	eba6daa8-0281-479e-aa2d-d78a2614db93	1	1						
boyaca	a8a63f81-fdbf-40e3-8a99-0d3832de262b	1	1						
boyaca	ead371f0-f93d-11dd-af50-b8a03c50a862	44	26						
boyaca	d5ef14a1-5177-4547-9ce2-46d84a4214eb	6650	520						
boyaca	ada9d123-ddb4-467d-8891-806ea8d94230	83	28						
boyaca	121b1f00-66de-484d-9fb3-32bb07585840	8	2						
boyaca	bd561840-efdc-11d9-a329-b8a03c50a862	1	1						
boyaca	7b8aff00-a9f8-11d8-944b-b8a03c50a862	2298	769						
boyaca	8483a1f0-1032-11db-ae00-b8a03c50a862	21	8						
boyaca	3dc9105b-6792-4d2f-8872-c60dded8ae20	1	1						
boyaca	cffcb703-dccc-464e-ade3-c5668311dcf6	1	1						
boyaca	2e7ea925-e11c-451c-9841-0a8e85e5c5dc	50	2						
boyaca	85aae44a-2a4c-4a3f-92cc-a1a8d27b90fa	296	48						
boyaca	a0f40644-1fec-42d8-af64-0bce3e9d76d2	29	15						
boyaca	4c415e40-1e21-11de-9e40-a0d6ecebb8bf	291	195						
boyaca	485ff490-e3b7-11db-9acc-b8a03c50a862	236	152						
boyaca	7a070ba0-bafb-11d9-8e53-b8a03c50a862	1	1						
boyaca	8e1a97a0-3ca8-11d9-8439-b8a03c50a862	4	4						
boyaca	fd0038d0-3e7b-11d9-8439-b8a03c50a862	11	5						
boyaca	6f3ccc65-0a54-4e65-ae7e-13b92d618e7c	62	50						
boyaca	9d77fdeb-100f-4b29-98ad-4effdd824457	1227	626						
boyaca	831c8ca0-3806-4796-b8a3-fb5f15813749	1	1						
boyaca	c0d9c91a-0f83-4819-bf7e-bb5e1184eb6b	17	12						
boyaca	b8b274e0-3216-48b8-afea-5616ec326ce1	372	28						
boyaca	34770310-601a-43e0-84fb-ed81661c2d00	2	2						
boyaca	b6f05cf0-43ce-11d9-8439-b8a03c50a862	1	1						
boyaca	2437c128-bf8c-4f53-b668-da95fb2e40b7	19	16						
boyaca	2a7e3080-28a9-11dd-97cd-b8a03c50a862	90201	3880						
boyaca	838537fc-4aeb-4980-8b58-97fbdcd1d91a	42	28						
boyaca	d44af9a3-e779-40c0-a186-79e7717c6d2b	1	1						
boyaca	92974254-6777-4a79-8865-a89a83f13e57	11	6						
boyaca	eace4687-50e8-4f9a-829b-29ff8ff1fa8b	442	267						
boyaca	e144e6ee-503e-4bd9-9eff-f2fc77473642	9	5						
boyaca	f5fc4e61-b7a0-414b-ab68-b41cb23e7fdc	1	1						
boyaca	883ee5d0-9177-423d-a636-0284e8a4de46	11	6						
boyaca	2cd829bb-b713-433d-99cf-64bef11e5b3e	40	29						
boyaca	925267b2-870b-409e-8a81-d044d6eb6c2f	5	5						
boyaca	182287da-fe0f-457f-ac06-2b8f4c7680fd	3	1						
boyaca	90fd6680-349f-11d8-aa2d-b8a03c50a862	4424	1794						
boyaca	247b85e0-4e6b-46d1-b1c8-47b00bb8ced7	3	3						
boyaca	2e4af590-37d0-11d9-8439-b8a03c50a862	8	3						
boyaca	0c0c7309-6a47-4760-9f5c-a48f6d354f75	6							
boyaca	610414e0-8040-11d9-8294-b8a03c50a862	4	1						
boyaca	ab5c0b99-5af3-4958-b03c-0b7e85481cc1	3	3						
boyaca	4205110f-3f0f-40d8-bd0f-2fa71bc827b5	50	21						
boyaca	315127e0-d7bb-11db-9885-b8a03c50a862	11							
boyaca	4f1aa16c-ac1f-4e25-95fa-70bd71b7a0b4	2	1						
boyaca	e8eada63-4a33-44aa-b2fd-4f71efb222a0	45	5						
boyaca	10980920-6dad-11da-ad13-b8a03c50a862	1							
boyaca	5ffa575c-fcd4-4583-9611-545f67b04316	1255	11						
boyaca	b4640710-8e03-11d8-b956-b8a03c50a862	356	174						
boyaca	acac73b0-055d-11d8-b84f-b8a03c50a862	18	2						
boyaca	8edbbde0-055e-11d8-b850-b8a03c50a862	93	56						
boyaca	8f9a6e03-a0ee-4a60-a08f-32463f36adeb	23	10						
boyaca	23539a57-1347-4dd3-af2a-cf9478563baa	18	5						
boyaca	c3367060-856b-11d9-8486-b8a03c50a862	2	2						
boyaca	bc092ff0-02e4-11dc-991f-b8a03c50a862	6463	2182						
boyaca	4fd82480-ea1c-11da-8db4-b8a03c50a862	55	25						
boyaca	19456090-b49a-11d8-abeb-b8a03c50a862	111	70						
boyaca	3ead5cf3-2840-482e-bbd9-76380825be63	5	4						
boyaca	2e7df380-8356-4533-bcb3-5459e23c794e	31	2						
boyaca	493fe050-055d-11d8-b84f-b8a03c50a862	3229	73						
boyaca	2d6267a0-0561-11d8-b851-b8a03c50a862	5	3						
boyaca	4e11d750-bafb-11d9-8e53-b8a03c50a862	5	4						
boyaca	396d5f30-dea9-11db-8ab4-b8a03c50a862	1298	377						
boyaca	a8144f37-5ff7-4137-9400-94b5b2ea4ec4	1	1						
boyaca	c8d737e0-2ff8-42e8-b8fc-6b805d26fc5f	40	23						
boyaca	b711353c-44d7-4e8b-90c5-16fea0d247e0	172	57						
boyaca	da86174a-a605-43a4-a5e8-53d484152cd3	521	139						
boyaca	7ce8aef0-9e92-11dc-8738-b8a03c50a862	391	133						
boyaca	0e2f2e28-7790-4c82-b8fb-6ef7b4c764e2	7257	629						
boyaca	dc282b9d-8f3b-4197-b174-ba5272721a6f	8294	535						
boyaca	e88c96a3-5884-4e51-a580-e417ca4c9eed	15	1						
boyaca	98e934b0-5f31-11de-b67e-b8a03c50a862	1	1						
boyaca	061b4f20-f241-11da-a328-b8a03c50a862	964	339						
boyaca	ff418020-1d67-11d9-8435-b8a03c50a862	57	25						
boyaca	8a471700-4ce8-11db-b80e-b8a03c50a862	3	2						
boyaca	c76cf030-2a95-11da-9cc1-b8a03c50a862	9	6						
boyaca	0674aea0-a7e1-11d8-9534-b8a03c50a862	16	11						
boyaca	99ea0c90-61e5-11dc-a64c-b8a03c50a862	3	2						
boyaca	898ba450-1627-11df-bd84-b8a03c50a862	19	8						
boyaca	867a53f4-2f2d-4932-be6a-f46566255371	4	4						
boyaca	8a226609-56b9-4b87-a0a2-767c38edd572	8	1						
boyaca	352bdfe0-c57b-11dd-a8eb-b8a03c50a862	26	4						
boyaca	b3bf3a83-1f68-4541-a03f-330d30d567f5	700	179						
boyaca	ae447c50-b8a8-11d8-92a4-b8a03c50a862	555	336						
boyaca	fee1eb85-53bb-4edb-91cc-de55f11b3cee	23	11						
boyaca	b459e790-0d3c-11d9-8431-b8a03c50a862	213	117						
boyaca	83e105d0-1e21-11de-85d0-fe7fa1df8ee2	11	4						
boyaca	253fc67c-c7fb-4c85-88f5-43ac6d9dc8a9	20	13						
boyaca	c8f840a3-4949-4e18-82e9-5771c3e57129	11							
boyaca	b8cd2cdb-ee95-409c-b1b8-e09bab4f9a70	775	410						
boyaca	e0455781-2311-4b5b-8cc0-421d73e04f1b	229							
boyaca	7d91f9bd-f6cd-48e3-ba81-3c228cf5e13a	26	14						
boyaca	6c147991-c3bf-453d-a778-3bea9a534804	880	417						
boyaca	eac88d99-9f6c-4031-8fc4-8088f0e0dfe7	36583	4928						
boyaca	ad3f9c5f-5021-45a3-a7c4-3e64895f6f79	16856	1990						
boyaca	06f46c98-9794-4d96-a014-aecdf24dbd7e	8	3						
boyaca	073e52d4-44bd-41d7-bdfa-88c2735c694b	43	6						
boyaca	cccff716-2694-4209-9f9e-2f7a484465a0	1692	544						
boyaca	f7f9717e-9e50-4a00-a30f-7b134390a566	204	162						
boyaca	814bd44e-34d6-46e1-a143-0c12d03f3eba	3	1						
boyaca	58c7e325-82fc-446d-9406-851b4d357db7	181	105						
boyaca	a6deb94a-2c40-47ec-a678-3d502cd42bc2	1	1						
boyaca	341acb6e-2ed2-4c13-af14-5e00173e15f8	74	9						
boyaca	256035fe-75ff-4a7c-94bc-86af590c9050	84	32						
boyaca	478a9e81-e716-42dc-a68d-03487953a32e	938	290						
boyaca	77c64839-4c99-4a40-beb3-cd16afc23540	202	40						
boyaca	2fff5d0c-6bbd-432d-8832-cc4e307a267f	61	19						
boyaca	30ff48bd-4dd1-429d-a5a5-348c8e5fbfb1	67	6						
boyaca	bc709e2f-6eb4-4cbe-a295-e12eed0679f2	20	12						
boyaca	5a45153b-bdf9-44ae-b7a7-e3261896540b	57	33						
boyaca	85be57ed-f187-49c9-b7ff-eaa622e06217	48	11						
boyaca	d073b448-6b80-4364-8c38-18d08b88797f	2	1						
boyaca	60545be9-4f28-4245-b4b4-07635c8dfa54	1	1						
boyaca	4265f332-341c-45f6-b30b-5dc2e39b86e8	6	6						
boyaca	f6e2efc9-42a3-47ea-99c6-3eda8d653cc9	29	1						
boyaca	04481953-6112-489f-bb8d-9703d787e3ea	3	3						
boyaca	e97090cb-7731-41c7-ac24-31a841730654	1	1						
boyaca	79324e30-d4c7-11d8-bf69-b8a03c50a862	1	1						
boyaca	1f55bd0a-6ebe-49a1-8a9c-9258702b6f46	1775	449						
boyaca	af00f590-cb78-11d9-b772-b8a03c50a862	1	1						
boyaca	4cadac10-3e7b-11d9-8439-b8a03c50a862	2	2						
boyaca	1ef55060-54da-11dd-9d47-b8a03c50a862	36	4						
boyaca	e3f07310-a215-11da-beae-b8a03c50a862	7	4						
boyaca	062447f7-40ec-42af-9622-ee9170752dc3	1	1						
boyaca	43587ad0-bafb-11d9-8e53-b8a03c50a862	1	1						
boyaca	b554c320-0560-11d8-b851-b8a03c50a862	1243	29						
boyaca	174c6da2-e002-42fe-9f56-2f9d670240f4	93	70						
boyaca	6ea87510-0561-11d8-b851-b8a03c50a862	20	10						
boyaca	927f1e70-cf74-11d8-bf68-b8a03c50a862	9	8						
boyaca	c49fdf8d-5648-4ae7-b0be-d3d9c67bc755	1	1						
boyaca	9b049850-d958-11da-9047-b8a03c50a862	1	1						
boyaca	cc483d69-50e9-4463-8eb6-41fc459fa485	1	1						
boyaca	efcf5460-a06a-11d9-8ec2-b8a03c50a862	1							
boyaca	61c539d8-47e0-4b82-875f-b95aad66dcd4	16	13						
boyaca	3c6ad080-bdbe-11da-ac59-b8a03c50a862	38	21						
boyaca	52c8f620-1816-11da-9544-b8a03c50a862	41	11						
boyaca	06fcbbf0-0562-11d8-b851-b8a03c50a862	1	1						
boyaca	4c0e9f60-c489-11d8-bf60-b8a03c50a862	2	2						
boyaca	5a9d868e-77e2-4efd-ade6-069f66b84a35	1							
boyaca	5ab24120-de25-11dc-9a41-b8a03c50a862	41	22						
boyaca	b36f3505-f2d9-499f-a669-fa418a127b9d	1							
boyaca	80960f60-ad5e-11da-9c37-b8a03c50a862	18	17						
boyaca	f5c46d20-f1d2-11dd-b2d5-b8a03c50a862	11							
boyaca	1f00d75c-f6fc-4224-a595-975e82d7689c	1178	308						
boyaca	2e167bb0-4441-11db-9ba2-b8a03c50a862	180	23						
boyaca	6e1cad80-bdf5-11d8-84ea-b8a03c50a862	2							
boyaca	28eb1a3f-1c15-4a95-931a-4af90ecb574d	7479	1870						
boyaca	bb646dff-a905-4403-a49b-6d378c2cf0d9	24	20						
colombia	538c9023-2e18-4769-9230-f840d044406d	746	212	746	0	0	212		
colombia	f9b67ad0-9c9b-11d9-b9db-b8a03c50a862	22416	1831	22416	0	505	1831		4
colombia	979dd240-16f7-11df-b5b3-b8a03c50a862	32	1	32	0	0	1		
colombia	6d1beb45-43bc-499a-85a0-f06f67e81591	13280	170	13280	0	170	170		3
colombia	ccd1ddc0-6c21-11de-8224-b8a03c50a862	42793	2179	42761	0	2886	2179		9
colombia	b5904aaf-02c7-4ff3-85a6-0f528dbb632e	893	31	893	0	91	31		
colombia	9c0a8aa8-4ce7-49ba-aac7-21a97234f886	15	12	15	0	0	12		
colombia	df604473-66f0-444d-94c4-22795f268afe	87019	1043	87019	0	442	1043		3
colombia	02f2bde4-0f13-4e71-b359-c3cb11ea9751	14	14	14	0	0	14		
colombia	3988de20-0560-11d8-b851-b8a03c50a862	70	34	70	0	0	34		
colombia	814cdfb5-d4f8-4453-815f-ea5df98e76bf	653	237	650	0	28	237		1
colombia	8251fe14-04e1-483f-9ae6-46cf83ff76fa	8675	137	8675	0	69	137		4
colombia	adaeb73b-8f3b-433c-ab2e-a8ca68a7c7ea	1450	358	1450	0	39	358		1
colombia	9b024f83-e4ac-44ff-86ab-c2a6f0da9726	4059	25	4059	0	5	25		
colombia	3ecddc17-a081-4e85-92c3-d8e31716342c	20252	69	20226	26	15	66	3	1
colombia	1447752d-0ee4-4951-a0fb-b1f2acb977af	37574	706	37574	0	629	706		11
colombia	76513b28-548d-480a-8859-bd7f45f8724b	1747	31	1747	0	0	31		
colombia	567cdb5e-5bb3-42e1-ae07-ffa6fc60b56e	33544	710	33446	48	138	702	19	13
colombia	c803f6f5-2c6a-4b41-8c15-768d48ef1c8c	18943	1477	18943	0	417	1477		11
colombia	a2f1c6f5-88de-4fc5-891a-336259f32f4e	33213	926	31912	1141	3291	871	73	21
colombia	34cc6c50-812c-11de-86fe-b8a03c50a862	1629	163	1629	0	24	163		2
colombia	32e82a64-c9b4-4b2f-9fbd-d446309b973f	323	129	323	0	0	129		
colombia	e62a5313-e771-4c81-b6d1-cba6e4085635	51		51	0	20			
colombia	1deb09e1-ded6-469a-a46e-f6329cb03b6a	214	56	214	0	8	56		1
colombia	770c30d2-c2a8-4bb2-8056-6167297cddae	54	1	54	0	4	1		
colombia	8c4f5426-9a05-4827-977b-22201c42dcd9	8		8	0	0			
colombia	eea64f26-8fd5-49fb-be7e-a1d4cfc051ee	2404	226	2404	0	0	226		
colombia	a5c9b60f-8603-43c5-adf9-c2b2b8cbe95f	49	17	49	0	6	17		
colombia	1c8732e1-36b1-4a7c-978e-f69542768ec3	314	182	311	3	6	181	2	
colombia	37e82b90-1e21-11de-ab90-f72009d2669b	1	1	1	0	0	1		
colombia	0dc9c7a0-b5c6-11d9-a0b8-b8a03c50a862	2693	322	2693	0	292	322		
colombia	90cc71b0-055b-11d8-b84e-b8a03c50a862	48	38	48	0	0	38		
colombia	b872b075-9ab5-4e27-b6c6-5add6b890379	46	16	46	0	5	16		1
colombia	750a8724-fa66-4c27-b645-bd58ac5ee010	228	28	228	0	0	28		
colombia	2ebbf9e5-146f-47cf-8c1b-9d117d2860e4	1	1	1	0	0	1		
colombia	2d6e0e40-2aee-11d8-aa2d-b8a03c50a862	39	27	39	0	0	27		
colombia	8e6bc843-c1b4-4b10-b546-881f06049004	1318	443	1318	0	33	443		3
colombia	57254bd0-8256-11d8-b7ed-b8a03c50a862	9996	3085	9996	0	19	3085		1
colombia	8209258a-80e8-4094-aba2-a3febe5ed45b	7	5	7	0	0	5		
colombia	c4cbb860-e9c7-11da-8113-b8a03c50a862	15	14	15	0	0	14		
colombia	fd70f580-4ce2-11db-b80e-b8a03c50a862	34	8	34	0	1	8		1
colombia	9630292c-c8ef-4efa-adda-399638be3b19	24	11	24	0	0	11		
colombia	94458240-4e38-11db-985b-b8a03c50a862	16	10	16	0	0	10		
colombia	9d5c8c31-20c5-4a6d-a1d5-96ca148eda93	1		1	0	0			
colombia	47380c8a-0edd-4036-b1bc-d852cba8232f	946	118	946	0	2	118		2
colombia	0d3422a3-d9fa-4dac-8921-3e03afc4c0a0	37	5	37	0	0	5		
colombia	b62390e0-0e35-11d9-8431-b8a03c50a862	1		1	0	0			
colombia	7a079928-aee9-418a-b083-6152d01c78d6	11289	2159	11289	0	179	2159		1
colombia	37560003-ae75-43c3-95aa-48c98797aa2a	18	16	18	0	0	16		
colombia	1106e179-e49f-461f-95a6-459bf4d53c1b	12262	1681	12262	0	60	1681		7
colombia	85e6ceac-5381-4378-917c-dc3b8032affa	1227	68	1227	0	48	68		
colombia	0363cbd4-f666-455e-8e86-0bbddcf51950	41956	7081	41956	0	732	7081		6
colombia	f614387b-c7aa-4a3f-95bf-acb4d0b83e97	1	1	1	0	0	1		
colombia	06867940-0867-4b4a-abb2-a57a16fcf2dc	4020	636	4020	0	111	636		11
colombia	fbe29d53-6c40-411a-8e97-2d92a285c88e	3472	343	3455	10	921	338	10	22
colombia	70f5f94a-045f-453e-aae9-c60133376231	525	282	525	0	20	282		10
colombia	66522820-055c-11d8-b84e-b8a03c50a862	10042	2289	9847	11	196	2279	3	32
colombia	d16f32bb-204f-4c07-95eb-6673e90225e9	4	4	4	0	0	4		
colombia	0bc2981f-f6c7-4ee7-8e78-f3cf3c506cc9	18	9	18	0	0	9		
colombia	a26fb77a-67a4-4a15-b2c3-0c7b87ddb8e6	63	55	63	0	0	55		
colombia	09871350-0a23-11d8-b854-b8a03c50a862	276	211	276	0	1	211		1
colombia	a41250f0-7c3e-11d8-a19c-b8a03c50a862	1401	426	1401	0	30	426		19
colombia	09a9c196-cb5b-4fa1-afc2-3499b868b225	2	1	2	0	1	1		
colombia	14fb9c57-68a5-4870-b434-5355df7a9c3c	57539	845	57539	0	3573	845		13
colombia	1e9400fa-ce73-4737-9eaa-f25df148945c	1975	270	1319	699	182	168	127	1
colombia	c1da06f0-580e-11dc-8a9e-b8a03c50a862	19703	3759	19703	0	46	3759		13
colombia	4d14137b-ce2c-4111-98a9-0078f5d53237	4159	65	4159	0	12	65		1
colombia	cb202839-87c6-456a-821c-dc5b268a200f	3	3	3	0	0	3		
colombia	0fd86a13-3d0d-4d6e-b809-2811706f35d6	35	7	35	0	9	7		
colombia	9d615537-c4d9-40fe-bf74-0e4dc9b42078	1099	96	1099	0	12	96		
colombia	efc2ae40-9880-11da-89b4-b8a03c50a862	49	11	49	0	0	11		
colombia	fee3882f-5360-4f01-a1ca-767c48fa629c	29594	1008	29582	1	2	1008	1	1
colombia	da583013-8a1b-4570-b0e4-c7cb25b2e7bf	4296	135	4296	0	14	135		
colombia	56d218dd-b62e-4ee5-bde6-15f013ad99bb	479		165	270	149			
colombia	a684d545-47fd-44fc-b557-6971a864c055	9	5	9	0	0	5		
colombia	a61ab068-5b5f-47c7-9322-170e88b09b0d	983	27	983	0	0	27		
colombia	8595cd50-87c0-11dc-bb35-b8a03c50a862	1		1	0	0			
colombia	1a4f4e64-eb3d-42c3-a359-1be3869b3a20	19309	865	19309	0	25	865		4
colombia	7c7b6440-94d1-11dd-bdb1-b8a03c50a862	3	3	3	0	0	3		
colombia	75ed8583-8bd8-4f82-9346-75b234fe4682	3180	154	3180	0	207	154		
colombia	cae7b6c7-669a-4261-9a34-6e8cdc16a125	5	2	5	0	0	2		
colombia	03433ccd-5166-4730-94a9-e06ec25d1a72	73	25	73	0	0	25		
colombia	f2489500-dbab-4fbc-95ed-19eead127483	26	9	26	0	0	9		
colombia	1afc3a83-38f8-4282-90ae-d377ded4b628	2		2	0	0			
colombia	a56a5876-198a-4fc0-89be-df951637a0e2	4	1	4	0	0	1		
colombia	9c252ec3-7333-4cf8-a997-5441fcbad8dd	89	49	89	0	0	49		
colombia	0d923068-1cec-44de-8b78-33a51fb0cacd	43	25	43	0	0	25		
colombia	ff90b050-c256-11db-b71b-b8a03c50a862	6975	3374	6969	1	35	3371	1	11
colombia	c6aacf9d-a5a7-4d7f-a6fc-ea0a4b8ec450	64	59	64	0	0	59		
colombia	64bd66c1-e7d3-48d0-9462-488729aed122	105		105	0	0			
colombia	03a8bc52-9c2e-4aee-8dd7-9b4d279e4960	820		820	0	8			
colombia	a4fa550d-0146-47d9-989e-0674121aa8eb	1006	394	1005	1	28	393	1	12
colombia	43a26bbf-466a-4335-96cc-01d0656c614a	2600	1543	2600	0	0	1543		
colombia	d3c29fed-bcac-4f84-8d3d-f4b7f76fdc8e	131	64	131	0	0	64		
colombia	73b7431a-7a64-47f6-9c1b-a030e1a67fa4	65	1	0	65	0		1	
colombia	15b278a8-1356-4f7b-ba32-3c733c3d0aac	13777	1892	13777	0	86	1892		8
colombia	4b3fc3ac-227f-477d-9853-cfa76044d108	1680	422	1680	0	26	422		8
colombia	e2e717bf-551a-4917-bdc9-4fa0f342c530	8249435	1896	8228163	7772	103191	1878	102	21
colombia	cf9ceb80-9f3d-11da-b791-b8a03c50a862	1497	564	1481	15	20	554	10	8
colombia	52f50975-7f82-4945-8e98-90b983a89bfc	5860	54	5860	0	48	54		2
colombia	03fefd3c-2809-4966-810d-a6c2205ab899	639	52	639	0	1	52		
colombia	015d5ac7-2644-49e9-815e-79468647d6af	1948	175	1948	0	5	175		1
colombia	6e051633-cbf0-4729-be54-f7be1e078c97	768	75	768	0	9	75		1
colombia	69cbe3e1-ea7a-4f22-b4b8-47dd4df6e79b	16098	549	16098	0	30	549		4
colombia	23fe61fe-622d-4523-ae45-8c931f22c534	506	1	506	0	0	1		
colombia	488f6b87-5688-4c9a-928c-2d5355054b01	2999	151	2999	0	257	151		
colombia	2730ae30-29d6-4aa2-99ee-26f483fa718b	150	20	150	0	17	20		
colombia	47844d46-753c-44c5-8a1d-b50fa69f7ddc	584	249	584	0	4	249		
colombia	2627e955-93f5-4206-bac5-a1e3bd91ee37	21090	1373	21090	0	161	1373		10
colombia	1904954c-81e7-4254-9778-ae3deed93de6	51	50	51	0	0	50		
colombia	57dfb71a-f0aa-47c2-b997-30c6048dc98a	1210	16	1210	0	0	16		
colombia	acdeb4a9-78c7-423b-bb21-fb5c4e515854	1122	90	1122	0	0	90		
colombia	e6ebe5f5-3d83-4936-a75e-ef391309f0ec	24	5	24	0	0	5		
colombia	417c3159-419c-4325-a257-c482371860c6	13	2	13	0	0	2		
colombia	7b24de75-d85f-47ed-9ad0-308558575a81	1	1	1	0	0	1		
colombia	c5245889-c63d-48fa-ae4b-90ddd74f1d2d	657	150	657	0	6	150		2
colombia	114780c1-baf9-4a2d-b727-5f30c0cb3c32	6	5	6	0	0	5		
colombia	a42867f0-813a-11dc-82e0-b8a03c50a862	1084	426	1084	0	0	426		
colombia	a2ef6dd1-8886-48c9-8025-c62bac973cc7	81	65	56	25	0	49	24	
colombia	f7bf768e-d88d-489d-a263-dd07232bd9e4	2447	25	2447	0	0	25		
colombia	520e3c81-7de2-4ef3-9b36-11f3bdad76a9	57	18	57	0	1	18		
colombia	21936918-2ce6-4314-a15e-91f9f6735361	7	7	7	0	0	7		
colombia	a7ae8a07-cb3f-42e6-8f4e-22868f8cdb27	2	1	2	0	0	1		
colombia	8e1a7b73-e746-4d20-a0ba-e647ce0f9784	59691	71	59691	0	0	71		
colombia	cc338b0f-4582-4873-8a4c-aa5c400ed0bb	1		1	0	0			
colombia	95cb537c-74c5-4c1e-ae24-32e7ea08f380	2	1	2	0	0	1		
colombia	eba6daa8-0281-479e-aa2d-d78a2614db93	3	3	3	0	0	3		
colombia	a8a63f81-fdbf-40e3-8a99-0d3832de262b	532	18	532	0	0	18		
colombia	d48116e0-281e-11d9-8436-b8a03c50a862	2		2	0	0			
colombia	30b36805-4849-4abb-a39c-01b3a7fa3f2e	67	47	67	0	0	47		
colombia	e1f6195c-b21b-4601-809e-bdf0488ee9a4	4	1	4	0	0	1		
colombia	c1b1455b-18ec-4637-9e0f-18cb0524b7ed	1	1	1	0	0	1		
colombia	1989b627-2a61-44db-83e4-392efc5da0a9	97	48	97	0	19	48		11
colombia	ead371f0-f93d-11dd-af50-b8a03c50a862	408	182	407	0	0	181		
colombia	d5ef14a1-5177-4547-9ce2-46d84a4214eb	41789	1254	41789	0	1713	1254		9
colombia	7ef169f9-81f8-46a2-a7f7-240df6a1889c	43	14	43	0	0	14		
colombia	903d4412-04a3-47c7-8584-7911a3d7e2d1	2	1	2	0	0	1		
colombia	9bcba4e4-a10d-4484-9c5e-36a059a0c9cd	27	8	27	0	1	8		
colombia	d42b7e5d-a3e5-4fc2-8b3d-105336d70898	32503	1533	32503	0	111	1533		8
colombia	a88bec5c-1cbf-47a2-8c3e-6081804d80a5	7	6	7	0	0	6		
colombia	676782cc-e81e-47ce-9504-34ea45395eb6	191	23	191	0	57	23		
colombia	d2519a48-9ed7-4e86-8692-338cfc214629	14	2	14	0	0	2		
colombia	32859580-c30c-4367-8a8a-71f00fc9f833	1624	125	1624	0	0	125		
colombia	ada9d123-ddb4-467d-8891-806ea8d94230	17555	2809	17555	0	367	2809		10
colombia	121b1f00-66de-484d-9fb3-32bb07585840	736	98	736	0	0	98		
colombia	e1475b95-d1f7-4f3a-9f3e-e681676abb18	638	49	638	0	0	49		
colombia	bd561840-efdc-11d9-a329-b8a03c50a862	559	144	559	0	58	144		
colombia	37c1c493-782c-4f53-914d-b1f66cdcf61c	17		17	0	0			
colombia	fe602f47-b553-4291-b6e5-197b9837e167	26804	741	26804	0	75	741		2
colombia	7b8aff00-a9f8-11d8-944b-b8a03c50a862	79728	13528	79708	1	376	13525	1	49
colombia	e5585950-488e-11db-a1c2-b8a03c50a862	9	3	9	0	0	3		
colombia	192a9ab0-5565-11d8-b290-b8a03c50a862	650	389	650	0	181	389		43
colombia	8483a1f0-1032-11db-ae00-b8a03c50a862	8314	1963	7696	602	482	1883	297	87
colombia	3dc9105b-6792-4d2f-8872-c60dded8ae20	1	1	1	0	0	1		
colombia	976af1e0-ca25-11da-bfed-b8a03c50a862	4	4	4	0	0	4		
colombia	833f0d81-717d-4f11-95b0-0f738545adad	1		1	0	0			
colombia	cffcb703-dccc-464e-ade3-c5668311dcf6	9	5	9	0	0	5		
colombia	afa44940-5a60-11d9-bbdd-b8a03c50a862	95	40	95	0	0	40		
colombia	05827c69-a802-472f-bbe3-76629dfd57a7	282	213	282	0	0	213		
colombia	e174384d-ee9a-4ed8-b4f4-0ec3a8fa5e39	2012	1	2012	0	0	1		
colombia	c3809434-1211-4b43-b20c-bd940780d30e	106	13	106	0	0	13		
colombia	17f4782d-46d3-43df-bfb1-e190f972073a	57	1	57	0	0	1		
colombia	2e7ea925-e11c-451c-9841-0a8e85e5c5dc	1754	44	1754	0	136	44		
colombia	2475808f-450e-4079-9a23-fa7ba6d14845	214	130	214	0	0	130		
colombia	76d82379-e2a3-4a1f-9b55-2ec5c9f87532	584	22	584	0	0	22		
colombia	32665a46-4074-474a-85a5-110db4f55fa8	291	11	0	291	155		11	6
colombia	4dad347c-f297-46ee-9755-fda443b966d7	739	356	739	0	14	356		7
colombia	005015df-170c-4f12-8e01-19877f1deba8	1565	341	1565	0	7	341		2
colombia	c7e55c34-9c2d-46d5-9ca0-7aaad06b179a	7277	564	7277	0	105	564		6
colombia	3a56fbe7-467b-4018-8876-f73dede15ea2	1302	8	1302	0	0	8		
colombia	00a915e7-b4e2-4795-bcbf-45e4dda0e927	1203	260	1203	0	8	260		
colombia	cd9bc4b5-4375-4991-aec5-0b4443b5d7a6	1846	401	1846	0	24	401		3
colombia	85aae44a-2a4c-4a3f-92cc-a1a8d27b90fa	26805	511	26805	0	163	511		7
colombia	29808b4c-81a6-4f60-9df4-bdb9a08f74b8	1	1	0	1	0		1	
colombia	ef3ec46c-c2e6-4674-a663-77b334fa6003	1827	676	32	1779	194	20	647	53
colombia	f52593de-ac30-49ea-8e3e-07cf745249ec	1165	207	1165	0	18	207		2
colombia	986e56a2-5615-407d-8351-a4bac59fd303	7480	663	7427	58	524	652	10	10
colombia	111b5370-2936-4e4e-a772-7d681a7127c1	2740	208	2740	0	9	208		4
colombia	685633c3-05f9-4e44-bf4f-8dfdd0654072	136	4	136	0	0	4		
colombia	4eb145f4-b1b0-4b94-8edc-e814fd77a4e8	8186	101	8186	0	396	101		3
colombia	6fd43b88-b13f-4547-94ab-1720f2a3b7ed	205	94	205	0	0	94		
colombia	fb92ab7b-65fe-4353-9c4b-99ee81c91feb	5916	554	5916	0	193	554		10
colombia	4fd780a2-60b9-480f-8550-124b1604143f	175	3	2	173	0	2	3	
colombia	8825eec2-5312-4e2a-ada4-41b907818fdf	4095	567	4095	0	85	567		3
colombia	a0f40644-1fec-42d8-af64-0bce3e9d76d2	218	96	218	0	1	96		
colombia	81724943-d4d5-4b72-bfd6-3cfc5725c12a	6238	351	2668	3526	1932	273	245	35
colombia	4ef28342-2d78-48b5-a00f-2bad53be38a1	1557		1557	0	438			
colombia	4bd6f687-197e-4d61-ad04-965c86f5a4dd	276	35	0	276	0		35	
colombia	827fad55-4521-496e-949c-28e3b0428765	272	16	272	0	0	16		
colombia	f9357933-83d3-4548-803c-4cae52ebff40	17	13	17	0	0	13		
colombia	4c415e40-1e21-11de-9e40-a0d6ecebb8bf	8668	3410	8667	0	38	3410		3
colombia	59c81290-df0e-11d8-b22e-b8a03c50a862	5343	776	5343	0	0	776		
colombia	4bc4943a-c94f-4bd4-9aa3-2a9cae94398a	6	6	6	0	0	6		
colombia	05c249d0-dfa0-11d8-b22e-b8a03c50a862	5	3	5	0	1	3		1
colombia	c0fa6fbb-cc9b-423b-b801-c1bb28d6467d	623	1	0	623	0		1	
colombia	45e5c621-df96-4ea7-bbc6-aa3e53b90bb8	434	258	434	0	6	258		3
colombia	2977895d-3ce2-4fb9-b62e-a775c8fd9304	61111	300	61111	0	0	300		
colombia	485ff490-e3b7-11db-9acc-b8a03c50a862	10533	3606	10533	0	27	3606		
colombia	90d2e455-c279-4bf1-ba87-806495641e18	1898	65	1898	0	1	65		
colombia	7a070ba0-bafb-11d9-8e53-b8a03c50a862	646	217	646	0	0	217		
colombia	952099fc-446e-47c3-9206-e35f53ddce80	1	1	1	0	0	1		
colombia	def87a70-0837-11d9-acb2-b8a03c50a862	7	7	7	0	0	7		
colombia	f739aef0-8a5b-11d9-bc8d-b8a03c50a862	71	58	71	0	0	58		
colombia	cc5b4b3a-87d5-47d9-8c1b-08116cc80140	277	166	277	0	0	166		
colombia	730cd32c-627f-44a8-9d93-fcfb23ade969	2	2	2	0	0	2		
colombia	2853c0e7-c758-4c9c-83a2-7c2d18967fb9	576	420	576	0	0	420		
colombia	8e1a97a0-3ca8-11d9-8439-b8a03c50a862	439	223	439	0	6	223		
colombia	131217d6-04ff-4682-9bc2-e418f961fc0d	2	1	2	0	0	1		
colombia	c10e9f64-38b0-4cb9-98d3-92b82cb7256a	4	4	4	0	0	4		
colombia	67c63221-0c74-4c18-97f9-e2b2acb739ce	1090	195	1090	0	31	195		6
colombia	4bce8f23-20a5-48a7-b25a-83700caad2db	1	1	1	0	0	1		
colombia	3b5161b7-9831-4444-9822-a60df4df107d	4	4	4	0	0	4		
colombia	04ce62dd-30ec-4d98-8b30-b09cafc3ac38	41635	895	41635	0	558	895		8
colombia	fd0038d0-3e7b-11d9-8439-b8a03c50a862	1254	114	1235	1	51	113		
colombia	b0e368b3-da4b-45ff-8d24-12ffd422bc38	5	3	5	0	0	3		
colombia	d1596a2e-9c4f-46f7-a859-81d40fb35822	1	1	1	0	0	1		
colombia	6f3ccc65-0a54-4e65-ae7e-13b92d618e7c	434	335	434	0	0	335		
colombia	92f51af1-e917-49bc-a8ed-014ed3a77bec	131	2	131	0	0	2		
colombia	ad2c7028-26fd-49c6-88d2-457c207c387b	4	3	4	0	0	3		
colombia	c47cd3b0-2178-4a4b-87a6-740b482970a9	117	62	115	0	1	60		
colombia	202d5f34-ff58-4ad7-964f-c947ce18078e	15	15	15	0	0	15		
colombia	9d77fdeb-100f-4b29-98ad-4effdd824457	202269	10510	202269	0	6974	10510		6
colombia	94a9c3b2-d54d-4938-811b-e91e091eeb28	52	47	52	0	0	47		
colombia	831c8ca0-3806-4796-b8a3-fb5f15813749	3535	50	3535	0	194	50		
colombia	a8d26b9b-a0c0-42b3-a479-b575f9b60793	1	1	1	0	0	1		
colombia	52603cfd-d564-4e89-a466-5e71813677be	1	1	1	0	0	1		
colombia	7a6bdf66-ef5c-4a81-b731-2e328f4881eb	221	87	221	0	0	87		
colombia	667644b9-7b93-4892-80c7-c4271735c515	122	54	120	0	0	52		
colombia	c0d9c91a-0f83-4819-bf7e-bb5e1184eb6b	2450	1209	2442	0	29	1206		1
colombia	b8b274e0-3216-48b8-afea-5616ec326ce1	8754	84	8754	0	21	84		
colombia	34770310-601a-43e0-84fb-ed81661c2d00	4653	870	4652	0	17	870		3
colombia	882d4191-4161-4fde-9e94-20fbb44901c8	131	8	131	0	0	8		
colombia	e4a87e1f-4ff8-4d2e-bcd1-0929678abab9	2307	115	2307	0	3	115		3
colombia	5e3ed9a0-8d59-4d98-a690-6ffb4fb624d2	13	1	13	0	0	1		
colombia	b6f05cf0-43ce-11d9-8439-b8a03c50a862	183	100	183	0	0	100		
colombia	e901e23a-aac2-42a6-af3c-8b6a1721e9e7	1	1	1	0	0	1		
colombia	2437c128-bf8c-4f53-b668-da95fb2e40b7	1030	678	1028	0	1	677		1
colombia	e1050db2-9faf-4d72-b860-295debaf9d2a	55121	1956	40201	12940	12516	1924	40	41
colombia	f072f648-b8a4-47a0-9e1c-89d790645b5a	282034	2091	72537	226426	43241	1533	1144	69
colombia	2a7e3080-28a9-11dd-97cd-b8a03c50a862	1081786	19318	1076823	364	37571	19287	32	70
colombia	838537fc-4aeb-4980-8b58-97fbdcd1d91a	10923	3614	10922	0	34	3613		5
colombia	a7e6d0ba-9e3d-4be2-b3ac-2c5e812e0a31	21027	1734	20947	76	333	1664	70	39
colombia	92974254-6777-4a79-8865-a89a83f13e57	94	20	94	0	0	20		
colombia	f56c5f80-055c-11d8-b84e-b8a03c50a862	31	13	31	0	0	13		
colombia	3046e6a6-6218-4880-9544-98f6c6ace34a	2	2	2	0	0	2		
colombia	38c97c54-2ff1-42f1-aeff-0d40c8d16cdb	7	7	7	0	0	7		
colombia	eace4687-50e8-4f9a-829b-29ff8ff1fa8b	41867	3715	41866	0	657	3714		1
colombia	698acf43-05cd-4b45-8107-7c666d87f77c	5776	1288	5689	5	36	1283	4	7
colombia	e144e6ee-503e-4bd9-9eff-f2fc77473642	417	197	417	1	3	197	1	1
colombia	36488347-eceb-40ed-b687-406f3601d8cb	2	2	2	0	0	2		
colombia	0c163d39-b67e-4bd9-a2f4-6344b67247f9	18	10	18	0	1	10		
colombia	9c6afd40-4d63-11db-9eae-b8a03c50a862	132	3	132	0	0	3		
colombia	6b2f029b-7823-4b84-9c30-31ff364238fe	160	98	160	0	2	98		
colombia	afdb4b0a-2b16-4abc-99d3-03ba8289aeac	12	10	12	0	0	10		
colombia	463555b0-d081-11da-ae8f-b8a03c50a862	105	29	105	0	0	29		
colombia	19a3a4e0-1908-11dc-a07b-b8a03c50a862	153	3	153	0	0	3		
colombia	f5fc4e61-b7a0-414b-ab68-b41cb23e7fdc	165	89	165	0	17	89		
colombia	38a69420-bd2a-11dd-b15e-b8a03c50a862	91	33	91	0	22	33		
colombia	c361e830-181e-11da-9544-b8a03c50a862	1755	616	1755	0	6	616		4
colombia	883ee5d0-9177-423d-a636-0284e8a4de46	397	338	396	1	0	337	1	
colombia	ee6a779a-dce6-4f16-ae3d-84f495def86e	1205	764	1205	0	9	764		
colombia	ab733144-7043-4e88-bd4f-fca7bf858880	3166	22	3166	0	185	22		
colombia	2cd829bb-b713-433d-99cf-64bef11e5b3e	19197	5922	19192	1	134	5918	1	32
colombia	b472a35a-6461-444a-a3d6-84e97e6636fe	26	7	26	0	0	7		
colombia	925267b2-870b-409e-8a81-d044d6eb6c2f	424	143	424	0	2	143		
colombia	182287da-fe0f-457f-ac06-2b8f4c7680fd	5	1	5	0	0	1		
colombia	a344ee9f-f1b7-4761-be2c-58ee6d741395	2594	1498	2594	0	5	1498		2
colombia	41d6acb0-48b5-11db-a1c2-b8a03c50a862	15	12	15	0	0	12		
colombia	311e2740-f15a-11d8-b22f-b8a03c50a862	874	177	874	0	0	177		
colombia	845f3630-812c-11de-86fe-b8a03c50a862	252	121	252	0	0	121		
colombia	497c081b-8157-4287-bb5c-291a4c71439c	15	2	15	0	0	2		
colombia	c2ecae57-6701-485e-9ebd-5f87b2945cb2	52	31	52	0	0	31		
colombia	90fd6680-349f-11d8-aa2d-b8a03c50a862	201896	21231	200961	56	4231	21212	12	13
colombia	9a21807b-b9c5-4071-b393-764f3cd58abc	1781	212	0	1770	84		210	17
colombia	247b85e0-4e6b-46d1-b1c8-47b00bb8ced7	196	94	196	0	4	94		1
colombia	2e4af590-37d0-11d9-8439-b8a03c50a862	279	168	279	0	7	168		
colombia	0c0c7309-6a47-4760-9f5c-a48f6d354f75	15225	566	15211	12	967	565		
colombia	60f8ce17-065e-40ff-bac6-4f85f5edaedd	39	9	39	0	3	9		
colombia	036cdc50-e7f5-11d9-9a0e-b8a03c50a862	1071	573	1071	0	0	573		
colombia	610414e0-8040-11d9-8294-b8a03c50a862	316	122	316	0	1	122		
colombia	4f48f140-38a5-11d9-8439-b8a03c50a862	2	1	2	0	0	1		
colombia	67d0a68e-90b4-4760-9269-49e80e017e10	1	1	1	0	0	1		
colombia	ab5c0b99-5af3-4958-b03c-0b7e85481cc1	1944	1388	1944	0	9	1388		4
colombia	4205110f-3f0f-40d8-bd0f-2fa71bc827b5	1406	506	1401	5	2	503	3	
colombia	315127e0-d7bb-11db-9885-b8a03c50a862	11		11	0	1			
colombia	4f1aa16c-ac1f-4e25-95fa-70bd71b7a0b4	774	353	774	0	1	353		
colombia	e8eada63-4a33-44aa-b2fd-4f71efb222a0	339	102	339	0	1	102		
colombia	e6c2fab8-8716-48b8-ae62-dacbc73b35b5	46	25	46	0	0	25		
colombia	6f0517c4-913a-401a-95f1-144f724f424e	2	2	2	0	0	2		
colombia	ecc5cd9e-2d25-4b8d-89c8-a0711eee813b	1		1	0	1			
colombia	8cdd9232-84eb-4bad-9d9b-a36910cd524b	14		14	0	4			
colombia	e147be40-75eb-11d9-b257-b8a03c50a862	811	262	811	0	16	262		
colombia	10980920-6dad-11da-ad13-b8a03c50a862	61	23	61	0	1	23		
colombia	5ffa575c-fcd4-4583-9611-545f67b04316	20665	227	20663	0	86	226		
colombia	b4640710-8e03-11d8-b956-b8a03c50a862	21699	3983	21290	304	167	3877	123	37
colombia	ec99079c-885f-4c3d-8f43-ba576e5c52f7	3	2	3	0	0	2		
colombia	0ba220e1-77cf-487a-8d91-494167240f5d	6		6	0	0			
colombia	939ed180-aa7b-11db-8edf-b8a03c50a862	678	40	678	0	0	40		
colombia	acac73b0-055d-11d8-b84f-b8a03c50a862	853	77	853	0	114	77		
colombia	8edbbde0-055e-11d8-b850-b8a03c50a862	5857	883	5817	0	73	877		4
colombia	4cff2aca-5ce5-4028-88e6-d79b6449173a	188	2	188	0	76	2		
colombia	609d49d0-78fe-11dd-b871-b8a03c50a862	556	248	556	0	1	248		1
colombia	95e0556d-0271-4ded-a317-58b2236afc22	1	1	1	0	0	1		
colombia	8f9a6e03-a0ee-4a60-a08f-32463f36adeb	244	106	244	0	1	106		1
colombia	32b45fb7-1992-4f30-95c8-1604a38a57fa	69	50	69	0	0	50		
colombia	b594a3ca-021f-4e7d-ad0c-4830c042e2bb	3	2	3	0	0	2		
colombia	23539a57-1347-4dd3-af2a-cf9478563baa	2908	194	2908	0	0	194		
colombia	8d30d714-63f5-4f6f-a1a4-d73d09aa60c4	2	1	2	0	0	1		
colombia	325c883e-46a7-4be3-9d77-7dde654fd1d3	5	3	5	0	0	3		
colombia	2f2e4f28-d929-4609-937b-9a8ebd265159	104	81	104	0	0	81		
colombia	c3367060-856b-11d9-8486-b8a03c50a862	1668	281	1668	0	29	281		
colombia	75642970-f855-11dd-8235-b8a03c50a862	3		3	0	0			
colombia	bc092ff0-02e4-11dc-991f-b8a03c50a862	229419	24215	228958	225	1479	24179	140	145
colombia	4fd82480-ea1c-11da-8db4-b8a03c50a862	3810	841	3810	0	40	841		2
colombia	19456090-b49a-11d8-abeb-b8a03c50a862	18618	5016	18190	7	193	4996	4	8
colombia	760d5f24-4c04-40da-9646-1b2c935da502	42	17	42	0	0	17		
colombia	3ead5cf3-2840-482e-bbd9-76380825be63	398	207	330	66	0	174	45	
colombia	2e7df380-8356-4533-bcb3-5459e23c794e	188	68	188	0	14	68		
colombia	493fe050-055d-11d8-b84f-b8a03c50a862	48505	1889	48438	4	1033	1886	3	12
colombia	2d6267a0-0561-11d8-b851-b8a03c50a862	38	19	38	0	0	19		
colombia	4e11d750-bafb-11d9-8e53-b8a03c50a862	899	550	899	0	2	550		
colombia	707f5e4c-ae29-4013-bc49-409e44f95243	208	72	208	0	0	72		
colombia	396d5f30-dea9-11db-8ab4-b8a03c50a862	48025	10910	48003	5	606	10908	4	23
colombia	6505c875-003c-472d-879f-2624c00070e5	2	2	2	0	0	2		
colombia	593527a0-d2e9-4365-a583-cc683125dbb7	1		1	0	0			
colombia	33aecde5-7e13-4272-9cb7-f4f3b0eb820c	3	3	3	0	0	3		
colombia	fe9d23a5-5514-4d6e-b05b-d115425cd159	48	39	48	0	0	39		
colombia	9c7737c0-359c-11da-9a82-b8a03c50a862	68	16	68	0	0	16		
colombia	ac1a4340-812c-11de-86fe-b8a03c50a862	27	22	27	0	2	22		
colombia	da461951-0c82-4ce1-a0b7-5327bc84c638	38	21	37	0	1	20		
colombia	baa8ccb1-8d9d-4940-93a6-2241c8a04ba5	6	5	6	0	0	5		
colombia	69e7f900-ed5b-11dd-ac7e-b8a03c50a862	28	12	27	0	11	11		
colombia	0f0c387a-64ec-4eaa-b590-e09b0f11c94f	27	18	27	0	0	18		
colombia	218f5cbc-bc3e-4a8e-84ee-9281a54cd9e3	100	69	100	0	0	69		
colombia	1d90b4aa-32c7-4b8f-94bd-7080eb187086	30		30	0	3			
colombia	a8144f37-5ff7-4137-9400-94b5b2ea4ec4	74	52	74	0	0	52		
colombia	67b2263f-6990-4d9d-b32b-20aa72ef4fbc	2067	30	2067	0	32	30		1
colombia	c8d737e0-2ff8-42e8-b8fc-6b805d26fc5f	6574	648	6574	0	144	648		13
colombia	76591189-6f20-4784-8576-94eafe7a0aee	3	2	3	0	0	2		
colombia	c8b46ad5-2b93-457c-8573-6f4eec590486	1		1	0	0			
colombia	c3da1f49-b2c8-4751-b72f-28855546ec4c	2074	92	2074	0	0	92		
colombia	ac5e8480-3714-11da-bc2e-b8a03c50a862	87	22	87	0	25	22		3
colombia	a4d6cc6b-4c62-4015-ad7b-1ba69847a616	19	11	19	0	0	11		
colombia	d5778510-eb28-11da-8629-b8a03c50a862	11891	79	11891	0	72	79		
colombia	b711353c-44d7-4e8b-90c5-16fea0d247e0	8399	1113	8397	2	383	1112	1	
colombia	cc17c672-0c7d-492f-9252-c7ddacd1df78	413	132	413	0	4	132		
colombia	ab13adb9-ce23-444d-87c9-ce41f03ef2b3	117099	3754	107812	9182	2575	3689	72	53
colombia	190b47cb-54d5-4b87-9c1e-22b0483fe071	7822	668	7822	0	60	668		7
colombia	fc871c4a-bb5e-4db6-b332-487bc23797f1	139	14	138	0	0	14		
colombia	da86174a-a605-43a4-a5e8-53d484152cd3	16860	484	16860	0	21	484		3
colombia	24c3dc90-822b-11d8-b7ed-b8a03c50a862	19	3	19	0	0	3		
colombia	7ce8aef0-9e92-11dc-8738-b8a03c50a862	7100	1738	7084	4	62	1737	2	7
colombia	0870a77b-587c-4369-a8ed-bc3d347b8e1c	178	64	178	0	0	64		
colombia	0e2f2e28-7790-4c82-b8fb-6ef7b4c764e2	93582	6216	92959	584	14770	6119	97	29
colombia	d1e2f6a3-4016-46ba-b031-36f843790457	58	53	58	0	1	53		1
colombia	ee6ec6e6-cbcc-455c-8ed7-5927c7834fa9	36	2	36	0	0	2		
colombia	dbc2ab56-d499-403c-8db5-c1a49cd0b75f	156774	1095	156774	0	3840	1095		15
colombia	13a1e31d-4046-4c80-8a06-f97a4eb8cf53	252	38	250	0	0	38		
colombia	94ec6243-9b21-4c04-9cc6-cefa1cf627c0	107	54	107	0	0	54		
colombia	f9d3db7d-6ee9-4fbf-bd4c-e5d0f0bd26c6	45	4	45	0	11	4		
colombia	17726825-3aa2-4fbc-b0e3-303d3fc5702f	214	4	214	0	15	4		2
colombia	55807027-6d78-46bd-b2cb-301295ee35aa	216	129	216	0	3	129		
colombia	278c2395-6edb-41f4-8f0a-0abd13656901	208	76	208	0	0	76		
colombia	dc282b9d-8f3b-4197-b174-ba5272721a6f	424522	1654	383712	9029	11855	1612	96	21
colombia	8275dc60-e3a7-4366-90c8-28be034deec6	3867	196	3867	0	129	196		17
colombia	e88c96a3-5884-4e51-a580-e417ca4c9eed	1485	365	1485	0	8	365		3
colombia	98e934b0-5f31-11de-b67e-b8a03c50a862	2500	1367	2500	0	6	1367		1
colombia	061b4f20-f241-11da-a328-b8a03c50a862	8738	4400	8738	0	4	4400		
colombia	cc6110c7-f75c-47c8-8931-f7dd3f324777	26	12	26	0	6	12		
colombia	ff418020-1d67-11d9-8435-b8a03c50a862	11574	1070	11574	0	40	1070		5
colombia	eb126411-e092-4abc-a0b9-a2e1c98c6578	15	11	15	0	0	11		
colombia	104e9c96-791b-4f14-978c-f581cb214912	564	2	564	0	0	2		
colombia	d54819fb-3423-49b9-bac4-5ac1624f9070	155	124	19	134	13	16	110	10
colombia	609765e0-4ce8-11db-b80e-b8a03c50a862	327	15	327	0	10	15		
colombia	8a471700-4ce8-11db-b80e-b8a03c50a862	252	82	252	0	1	82		1
colombia	48558fd5-e402-4362-ba91-7c742c96a26c	2	1	2	0	0	1		
colombia	78678140-1815-11da-9544-b8a03c50a862	3	1	3	0	0	1		
colombia	46fca4d7-47a9-465f-97c8-161e209e624e	1	1	1	0	0	1		
colombia	b1b3786f-e9b0-4da6-8472-a21a2d7fe48c	809	245	796	13	78	235	13	19
colombia	e70c4151-0d1a-414d-b70e-e87ac1e812b7	33270	420	33270	0	181	420		3
colombia	c76cf030-2a95-11da-9cc1-b8a03c50a862	7360	1947	7360	0	44	1947		26
colombia	98dbab03-09e5-4ceb-988e-04f3e803decb	6	1	6	0	0	1		
colombia	f5fd374b-89cb-4ab6-b3eb-794c65f232c3	1	1	1	0	0	1		
colombia	dca4d666-c9e0-4712-b658-0d1bc3f39d48	18	10	18	0	0	10		
colombia	c5f7ef70-e233-11d9-a4d6-b8a03c50a862	146	71	146	0	0	71		
colombia	4d0539cd-a2e0-4a2c-8b7d-ec6718eef764	85	2	85	0	9	2		
colombia	4200d851-2340-4411-bda9-126613424633	4	3	4	0	0	3		
colombia	1c9c3bb4-377c-4547-aa79-16ea755d6006	19	7	19	0	0	7		
colombia	3059a14b-7b43-41ce-beef-873999911dfe	367	49	367	0	0	49		
colombia	0674aea0-a7e1-11d8-9534-b8a03c50a862	1945	640	1945	0	133	640		3
colombia	b3fbef09-563b-4ee2-96c1-4a449def8992	27	14	27	0	0	14		
colombia	99ea0c90-61e5-11dc-a64c-b8a03c50a862	44	31	44	0	1	31		1
colombia	2c542862-b9dd-40fc-8260-fb434997efa7	1084	34	34	1049	23		33	1
colombia	6ba9a8cc-513a-4a51-bf93-6f5de8040a96	2647	709	2647	0	184	709		32
colombia	021121c0-f040-11d8-b22f-b8a03c50a862	582	259	582	0	1	259		1
colombia	1c44ea88-6e47-4815-9f4f-1d47c944f8ce	4	3	4	0	0	3		
colombia	7050ce20-c75e-11dd-87ef-b8a03c50a862	11	9	11	0	1	9		
colombia	f5db868f-e5bf-4208-bd9d-d4063ae1c825	16099	683	16099	0	191	683		3
colombia	7c07cec1-2925-443c-81f1-333e4187bdea	2	1	2	0	0	1		
colombia	898ba450-1627-11df-bd84-b8a03c50a862	63	25	63	0	0	25		
colombia	132fe0d8-aa85-40a0-af20-52f48fae7bd6	2	2	2	0	0	2		
colombia	867a53f4-2f2d-4932-be6a-f46566255371	52	32	52	0	7	32		
colombia	8a226609-56b9-4b87-a0a2-767c38edd572	80	15	80	0	0	15		
colombia	63da1b44-176a-4e9b-b418-28fcc182c676	7503	18	7503	0	0	18		
colombia	b2dbd210-90c2-11df-86a3-b8a03c50a862	1	1	1	0	0	1		
colombia	2b8e48b0-812d-11de-86fe-b8a03c50a862	821	275	810	11	24	274	1	3
colombia	352bdfe0-c57b-11dd-a8eb-b8a03c50a862	4268	150	4268	0	0	150		
colombia	9a23b798-ee7e-4593-9348-7016fdca9960	213	1	213	0	0	1		
colombia	c58ac019-b413-4613-8772-39e57acbeb8e	1362	199	1362	0	10	199		
colombia	ae447c50-b8a8-11d8-92a4-b8a03c50a862	50245	9918	50206	0	79	9912		8
colombia	4c1a7622-ff80-419d-b1ba-2037d61f1973	60	5	60	0	0	5		
colombia	0cbfea81-f7f6-43a7-a5bc-9b38898b505d	33	12	33	0	0	12		
colombia	cecc196e-f262-4986-a88a-6adf035dca0e	8	5	8	0	0	5		
colombia	d9ccac00-9bc7-11de-a329-b8a03c50a862	227	154	227	0	6	154		
colombia	fee1eb85-53bb-4edb-91cc-de55f11b3cee	1871	160	1871	0	7	160		
colombia	954e32db-634d-4d5f-908c-3d14c961b097	23	9	23	0	0	9		
colombia	ae23c0f2-f322-408e-8d0d-024a96443acf	4	4	4	0	0	4		
colombia	c0dc3c80-23f9-11dc-98d1-b8a03c50a862	4	3	4	0	0	3		
colombia	b459e790-0d3c-11d9-8431-b8a03c50a862	1542	616	1542	0	6	616		4
colombia	83e105d0-1e21-11de-85d0-fe7fa1df8ee2	1684	100	1684	0	0	100		
colombia	1e26a630-7203-11dc-a0d8-b8a03c50a862	294	44	294	0	0	44		
colombia	253fc67c-c7fb-4c85-88f5-43ac6d9dc8a9	1519	913	1517	0	4	911		2
colombia	689b40c4-ff31-4cd0-83a5-a7a828f1cd92	7	7	7	0	0	7		
colombia	605e7170-1123-11d9-8433-b8a03c50a862	100	45	100	0	0	45		
colombia	c3ad790a-d426-4ac1-8e32-da61f81f0117	367	102	367	0	13	102		2
colombia	450bdfce-76f7-483e-b4c4-cab6a3daebba	3038	245	2816	238	200	226	19	
colombia	c8f840a3-4949-4e18-82e9-5771c3e57129	10544	1758	10533	3	361	1756		18
colombia	3eeffcbd-0e84-4223-ac65-3d32e7cc8511	622	25	622	0	3	25		
colombia	b8cd2cdb-ee95-409c-b1b8-e09bab4f9a70	11843	2873	11842	0	64	2873		2
colombia	57c6cd7f-e50f-441e-849a-3d2e1912cb92	589	32	589	0	428	32		
colombia	e0455781-2311-4b5b-8cc0-421d73e04f1b	1921	336	1229	690	205	143	179	11
colombia	7d91f9bd-f6cd-48e3-ba81-3c228cf5e13a	18884	2416	18884	0	138	2416		8
colombia	6c147991-c3bf-453d-a778-3bea9a534804	42011	5187	41987	16	2937	5177	15	13
colombia	0b6c758d-aeac-4bea-a8c9-bd1703468b8a	2	1	2	0	0	1		
colombia	eac88d99-9f6c-4031-8fc4-8088f0e0dfe7	483082	25268	477362	4764	5874	24874	723	164
colombia	ad3f9c5f-5021-45a3-a7c4-3e64895f6f79	27057	2915	27046	1	1193	2915		8
colombia	9ad34578-87e3-4240-93ac-4b1a5c9347dc	422	5	422	0	0	5		
colombia	0238226a-9c79-4717-933a-cf0fd5045ba8	17	11	17	0	0	11		
colombia	06f46c98-9794-4d96-a014-aecdf24dbd7e	2074	487	2074	0	10	487		
colombia	073e52d4-44bd-41d7-bdfa-88c2735c694b	19924	2613	19850	39	538	2599	33	44
colombia	cccff716-2694-4209-9f9e-2f7a484465a0	122696	9692	118453	868	2939	9585	101	83
colombia	f7f9717e-9e50-4a00-a30f-7b134390a566	130693	4960	130691	0	17884	4958		6
colombia	814bd44e-34d6-46e1-a143-0c12d03f3eba	739	155	739	0	2	155		
colombia	dec5e6c9-0156-4fa0-b01c-e642dbff48fc	2065	609	2064	2	56	609		5
colombia	ec11396a-66ab-4e57-b9c1-a8aff1cb7a1d	246	4	246	0	0	4		
colombia	58c7e325-82fc-446d-9406-851b4d357db7	22362	3389	22358	0	62	3389		6
colombia	96b23685-f195-4131-af29-ea9e160225dd	5053	790	5053	0	61	790		1
colombia	a6deb94a-2c40-47ec-a678-3d502cd42bc2	217	123	217	0	0	123		
colombia	0a1fecc6-cc98-47d7-bdd0-42f3c051072f	65	22	65	0	0	22		
colombia	112087f6-a6c0-4cee-8441-387f900d34f9	6		6	0	0			
colombia	341acb6e-2ed2-4c13-af14-5e00173e15f8	368	68	368	0	0	68		
colombia	256035fe-75ff-4a7c-94bc-86af590c9050	23187	3063	23187	0	1185	3063		8
colombia	478a9e81-e716-42dc-a68d-03487953a32e	26401	3697	26393	2	908	3695		13
colombia	77c64839-4c99-4a40-beb3-cd16afc23540	6468	729	5911	557	378	705	46	5
colombia	2fff5d0c-6bbd-432d-8832-cc4e307a267f	23445	1463	23437	11	615	1463		11
colombia	695bd197-a0b6-4937-9867-414e84d3a96d	709	110	709	0	0	110		
colombia	30ff48bd-4dd1-429d-a5a5-348c8e5fbfb1	79296	627	76716	2502	1883	482	163	11
colombia	bc709e2f-6eb4-4cbe-a295-e12eed0679f2	16180	1032	16179	7	1547	1032		1
colombia	8d9a1a1c-a563-461e-85ef-002861f87bd7	149	90	78	22	7	55	18	3
colombia	5a45153b-bdf9-44ae-b7a7-e3261896540b	54878	3297	54811	54	5269	3268	34	61
colombia	85be57ed-f187-49c9-b7ff-eaa622e06217	95279	4376	89946	4465	1474	3812	977	59
colombia	5c1a4c27-795a-4294-aecc-46d7176706b7	3	3	3	0	0	3		
colombia	f22ff2ae-6384-4d40-9ded-4d96befcacf0	14	9	14	0	0	9		
colombia	6215eac7-a176-4a7f-9bba-552b3f5ba9a3	6	4	6	0	0	4		
colombia	92bd7d31-3255-4f1c-8552-cbb6fbe60478	3	1	3	0	0	1		
colombia	d073b448-6b80-4364-8c38-18d08b88797f	248	142	248	0	4	142		
colombia	60545be9-4f28-4245-b4b4-07635c8dfa54	211	103	211	0	0	103		
colombia	34565ff7-e07a-49bf-8763-b2b82e87a345	1	1	1	0	0	1		
colombia	eec37c7c-2dce-440e-8de1-966214931e74	1	1	1	0	0	1		
colombia	b081673d-44bb-437a-8e69-750950afa49c	4	1	4	0	0	1		
colombia	afdd8e93-b4e3-491c-88f0-8a22834ac1a9	5	5	5	0	0	5		
colombia	f4cf14c8-58db-4947-a93c-e43f2b7fe171	43	5	43	0	0	5		
colombia	b3422768-adc1-4be2-9f59-c1d7af724428	5	1	5	0	0	1		
colombia	ea79c3f0-78b4-4614-9c17-b991662bd18d	1		1	0	0			
colombia	4265f332-341c-45f6-b30b-5dc2e39b86e8	23	15	23	0	0	15		
colombia	b7ea834f-8d60-40ea-ab2c-5057000f0afd	50	39	50	0	0	39		
colombia	d254f613-d4dd-4553-9fe3-b9485ca28371	3	2	3	0	0	2		
colombia	9610290b-e0ea-439b-b726-ba11bcecfb86	1	1	1	0	0	1		
colombia	fe647d6c-1c4b-441b-b93b-d310d074b227	3	2	3	0	0	2		
colombia	a84dccda-c5b2-4319-abbf-3c24601e89a2	1	1	1	0	0	1		
colombia	f6e2efc9-42a3-47ea-99c6-3eda8d653cc9	202	77	202	0	0	77		
colombia	3b3975ee-23fb-4943-a00e-4d6e6115b194	21	15	21	0	0	15		
colombia	04481953-6112-489f-bb8d-9703d787e3ea	65	49	65	0	0	49		
colombia	60f97f47-cd0d-4ff5-b0c0-c98495bf430a	2	2	2	0	0	2		
colombia	e97090cb-7731-41c7-ac24-31a841730654	51	44	51	0	0	44		
colombia	7cf67ac2-f2f2-42bd-92e4-c2eac0b21039	17	17	17	0	0	17		
colombia	76dbcb10-efc5-4d5f-87a5-bcd409fc92c8	238	150	236	0	1	149		
colombia	63f34ebe-232f-4da8-b0de-94fb75ac749f	6	4	6	0	0	4		
colombia	79324e30-d4c7-11d8-bf69-b8a03c50a862	164	75	164	0	4	75		1
colombia	d9699a79-4736-45c2-925c-f4033ac67d52	11	5	11	0	0	5		
colombia	03cb9700-6cee-11d8-922d-b8a03c50a862	46	31	41	4	6	30	1	1
colombia	1f55bd0a-6ebe-49a1-8a9c-9258702b6f46	41720	1375	41720	0	134	1375		
colombia	618d6bf6-81a4-47b0-85c0-0a6981b4e5ef	10	5	10	0	0	5		
colombia	84d451a0-644d-11de-b910-b8a03c50a862	96	63	96	0	0	63		
colombia	af00f590-cb78-11d9-b772-b8a03c50a862	192	77	192	0	0	77		
colombia	3f3967bf-ecc7-4455-ba89-4e0ab6d6fd3c	25	19	25	0	0	19		
colombia	b542788f-0dc2-4a2b-b652-fceced449591	39	29	39	0	0	29		
colombia	53e59855-7653-4d3e-87cc-162021713823	42	26	42	0	0	26		
colombia	f0b6a090-a4c6-11d8-9534-b8a03c50a862	90	26	90	0	2	26		
colombia	4cadac10-3e7b-11d9-8439-b8a03c50a862	2721	163	2721	0	1462	163		1
colombia	1ef55060-54da-11dd-9d47-b8a03c50a862	225	57	225	0	3	57		
colombia	e3f07310-a215-11da-beae-b8a03c50a862	117	38	117	0	0	38		
colombia	062447f7-40ec-42af-9622-ee9170752dc3	2	2	2	0	0	2		
colombia	0ed04352-6745-4665-9e11-7117ee91a96b	70	57	70	0	1	57		1
colombia	43587ad0-bafb-11d9-8e53-b8a03c50a862	50	43	50	0	0	43		
colombia	58172c10-1dc5-11de-be11-b8a03c50a862	3	1	3	0	0	1		
colombia	b0fdc0ef-a1c2-4ba9-a567-5c65dd742269	3	3	3	0	0	3		
colombia	b554c320-0560-11d8-b851-b8a03c50a862	14364	918	14359	2	98	914	2	1
colombia	5de868a5-e184-4ec2-bfda-7b6d96fc0b1b	1		1	0	0			
colombia	57324530-812c-11de-86fe-b8a03c50a862	36	1	36	0	0	1		
colombia	38105fdf-4886-4c2e-9c7c-2bcb091411a5	2	2	2	0	0	2		
colombia	174c6da2-e002-42fe-9f56-2f9d670240f4	2969	1466	2909	57	18	1436	41	5
colombia	6ea87510-0561-11d8-b851-b8a03c50a862	6844	1051	6740	0	22	1047		10
colombia	927f1e70-cf74-11d8-bf68-b8a03c50a862	283	199	283	0	1	199		1
colombia	c49fdf8d-5648-4ae7-b0be-d3d9c67bc755	2892	99	2892	0	0	99		
colombia	9b049850-d958-11da-9047-b8a03c50a862	173	57	173	0	17	57		
colombia	a1ce99fb-e1a5-4ca9-a3e6-cb512abd4bae	2		2	0	0			
colombia	f19ae5e0-3886-4c1e-b557-f4413f8fca86	2		2	0	0			
colombia	0eabc674-8106-401e-9613-5f10164b562d	313	199	313	0	2	199		1
colombia	f314b0b0-e3dc-11d9-8d81-b8a03c50a862	657	352	657	0	2	352		2
colombia	45346344-bad3-4a45-8563-98955464b3ca	1	1	1	0	0	1		
colombia	3124bdd8-b38c-46f0-b354-5e1d2c2cd9d2	13	10	13	0	0	10		
colombia	cc483d69-50e9-4463-8eb6-41fc459fa485	276	64	276	0	20	64		
colombia	efcf5460-a06a-11d9-8ec2-b8a03c50a862	11	4	11	0	0	4		
colombia	61c539d8-47e0-4b82-875f-b95aad66dcd4	175	112	174	0	0	112		
colombia	c654fe80-188b-11d9-8435-b8a03c50a862	1	1	1	0	0	1		
colombia	3c6ad080-bdbe-11da-ac59-b8a03c50a862	2340	770	2337	0	7	769		2
colombia	52c8f620-1816-11da-9544-b8a03c50a862	2917	273	2917	0	17	273		
colombia	d003dd60-94fa-11da-a99f-b8a03c50a862	3248	244	3248	0	3	244		1
colombia	58520c30-bafb-11d9-8e53-b8a03c50a862	107	51	107	0	0	51		
colombia	06fcbbf0-0562-11d8-b851-b8a03c50a862	428	162	428	0	3	162		
colombia	d6bd7c74-ff29-48f8-b5f5-e9dc1afff3db	6		6	0	0			
colombia	ff7bd5db-b724-4932-b496-10ea298851f9	186	172	186	0	4	172		
colombia	96fbb73b-f951-4659-8f8b-fa60624a9c28	121	74	121	0	1	74		
colombia	a6de8f30-d931-11db-973c-b8a03c50a862	1	1	1	0	0	1		
colombia	4c0e9f60-c489-11d8-bf60-b8a03c50a862	48	25	48	0	0	25		
colombia	5a9d868e-77e2-4efd-ade6-069f66b84a35	43	19	43	0	0	19		
colombia	0c23482f-89f3-4efa-b6ed-7b25dadde4fc	19068	699	18952	94	1436	697	16	10
colombia	feef46fb-6287-41f4-b3db-5f9dff600ab8	98	25	10	87	84	10	15	16
colombia	5ab24120-de25-11dc-9a41-b8a03c50a862	4254	167	4254	0	0	167		
colombia	1cfd06e4-072d-4af6-b7cb-533f0740aa84	1		1	0	0			
colombia	6a430540-7f09-11d8-a1a0-b8a03c50a862	232	129	232	0	0	129		
colombia	e6e855d7-9775-400f-883b-c4e04e517d79	7	3	7	0	0	3		
colombia	b36f3505-f2d9-499f-a669-fa418a127b9d	37	2	37	0	1	2		
colombia	80960f60-ad5e-11da-9c37-b8a03c50a862	2459	620	2459	0	5	620		3
colombia	f5c46d20-f1d2-11dd-b2d5-b8a03c50a862	23		23	0	0			
colombia	abd95fb6-cfae-4f16-9e57-c94f414ef38d	1	1	1	0	0	1		
colombia	31f13427-163d-4422-a28f-6f5d14ae2017	3	3	3	0	0	3		
colombia	218534d0-925e-11da-8900-b8a03c50a862	14	10	14	0	0	10		
colombia	1f00d75c-f6fc-4224-a595-975e82d7689c	29151	1468	29151	0	537	1468		10
colombia	2e167bb0-4441-11db-9ba2-b8a03c50a862	3656	831	3656	0	6	831		
colombia	bb922300-7ddb-11de-a300-90ac77aa923f	6	1	6	0	0	1		
colombia	68209dd2-7f9c-4176-8135-d93f3321d3d3	28	11	28	0	1	11		
colombia	c14b9ce2-9545-4376-8a3b-6741558c256a	9	5	9	0	0	5		
colombia	456058db-f70b-4005-97ad-e08570cf0c56	61	55	61	0	0	55		
colombia	0e2ae538-4332-4f41-bfee-8aa2c693d2a9	60	36	60	0	0	36		
colombia	6e1cad80-bdf5-11d8-84ea-b8a03c50a862	17	9	17	0	0	9		
colombia	28eb1a3f-1c15-4a95-931a-4af90ecb574d	163117	10449	161910	710	1962	10272	295	76
colombia	bb646dff-a905-4403-a49b-6d378c2cf0d9	3421	795	3421	0	45	795		10
colombia	bad9baef-be05-4410-83c8-31060a9bafb7	4319	368	4319	0	8	368		
narino	f9b67ad0-9c9b-11d9-b9db-b8a03c50a862	2254	417						
narino	ccd1ddc0-6c21-11de-8224-b8a03c50a862	1326	202						
narino	814cdfb5-d4f8-4453-815f-ea5df98e76bf	8	3						
narino	adaeb73b-8f3b-433c-ab2e-a8ca68a7c7ea	13	7						
narino	3ecddc17-a081-4e85-92c3-d8e31716342c	13	9						
narino	1447752d-0ee4-4951-a0fb-b1f2acb977af	3258	161						
narino	76513b28-548d-480a-8859-bd7f45f8724b	5	3						
narino	a2f1c6f5-88de-4fc5-891a-336259f32f4e	2171	50						
narino	32e82a64-c9b4-4b2f-9fbd-d446309b973f	5	1						
narino	1deb09e1-ded6-469a-a46e-f6329cb03b6a	1	1						
narino	770c30d2-c2a8-4bb2-8056-6167297cddae	2							
narino	0dc9c7a0-b5c6-11d9-a0b8-b8a03c50a862	325	10						
narino	b872b075-9ab5-4e27-b6c6-5add6b890379	3	3						
narino	750a8724-fa66-4c27-b645-bd58ac5ee010	9	1						
narino	a3c228d0-3110-11db-abb8-b8a03c50a862	758	42						
narino	57254bd0-8256-11d8-b7ed-b8a03c50a862	944	380						
narino	0363cbd4-f666-455e-8e86-0bbddcf51950	364	170						
narino	66522820-055c-11d8-b84e-b8a03c50a862	442	198						
narino	d16f32bb-204f-4c07-95eb-6673e90225e9	1	1						
narino	a41250f0-7c3e-11d8-a19c-b8a03c50a862	37	24						
narino	c1da06f0-580e-11dc-8a9e-b8a03c50a862	109	86						
narino	9d615537-c4d9-40fe-bf74-0e4dc9b42078	26	4						
narino	fee3882f-5360-4f01-a1ca-767c48fa629c	1378	107						
narino	da583013-8a1b-4570-b0e4-c7cb25b2e7bf	5	1						
narino	a61ab068-5b5f-47c7-9322-170e88b09b0d	2	1						
narino	75ed8583-8bd8-4f82-9346-75b234fe4682	11	8						
narino	f2489500-dbab-4fbc-95ed-19eead127483	1							
narino	ff90b050-c256-11db-b71b-b8a03c50a862	230	175						
narino	43a26bbf-466a-4335-96cc-01d0656c614a	22	21						
narino	e2e717bf-551a-4917-bdc9-4fa0f342c530	132539	966						
narino	cf9ceb80-9f3d-11da-b791-b8a03c50a862	32	21						
narino	488f6b87-5688-4c9a-928c-2d5355054b01	41	6						
narino	2627e955-93f5-4206-bac5-a1e3bd91ee37	2363	267						
narino	f7bf768e-d88d-489d-a263-dd07232bd9e4	23	4						
narino	a8a63f81-fdbf-40e3-8a99-0d3832de262b	2	2						
narino	c1b1455b-18ec-4637-9e0f-18cb0524b7ed	1	1						
narino	ead371f0-f93d-11dd-af50-b8a03c50a862	12	9						
narino	7ef169f9-81f8-46a2-a7f7-240df6a1889c	1	1						
narino	ada9d123-ddb4-467d-8891-806ea8d94230	69	13						
narino	121b1f00-66de-484d-9fb3-32bb07585840	1	1						
narino	bd561840-efdc-11d9-a329-b8a03c50a862	11	5						
narino	fe602f47-b553-4291-b6e5-197b9837e167	4608	303						
narino	7b8aff00-a9f8-11d8-944b-b8a03c50a862	2873	734						
narino	192a9ab0-5565-11d8-b290-b8a03c50a862	5	5						
narino	8483a1f0-1032-11db-ae00-b8a03c50a862	28	19						
narino	cffcb703-dccc-464e-ade3-c5668311dcf6	4	3						
narino	afa44940-5a60-11d9-bbdd-b8a03c50a862	2							
narino	81724943-d4d5-4b72-bfd6-3cfc5725c12a	2183	258						
narino	4c415e40-1e21-11de-9e40-a0d6ecebb8bf	348	171						
narino	485ff490-e3b7-11db-9acc-b8a03c50a862	267	107						
narino	8e1a97a0-3ca8-11d9-8439-b8a03c50a862	22	20						
narino	fd0038d0-3e7b-11d9-8439-b8a03c50a862	4	3						
narino	6f3ccc65-0a54-4e65-ae7e-13b92d618e7c	12	10						
narino	92f51af1-e917-49bc-a8ed-014ed3a77bec	1	1						
narino	9d77fdeb-100f-4b29-98ad-4effdd824457	305	177						
narino	7a6bdf66-ef5c-4a81-b731-2e328f4881eb	8	2						
narino	667644b9-7b93-4892-80c7-c4271735c515	1	1						
narino	c0d9c91a-0f83-4819-bf7e-bb5e1184eb6b	22	15						
narino	b8b274e0-3216-48b8-afea-5616ec326ce1	86	3						
narino	34770310-601a-43e0-84fb-ed81661c2d00	5	2						
narino	b6f05cf0-43ce-11d9-8439-b8a03c50a862	6	2						
narino	2437c128-bf8c-4f53-b668-da95fb2e40b7	3	3						
narino	e1050db2-9faf-4d72-b860-295debaf9d2a	19541	3						
narino	2a7e3080-28a9-11dd-97cd-b8a03c50a862	385640	2193						
narino	838537fc-4aeb-4980-8b58-97fbdcd1d91a	32	19						
narino	a7e6d0ba-9e3d-4be2-b3ac-2c5e812e0a31	46	18						
narino	d44af9a3-e779-40c0-a186-79e7717c6d2b	1	1						
narino	92974254-6777-4a79-8865-a89a83f13e57	2	2						
narino	eace4687-50e8-4f9a-829b-29ff8ff1fa8b	50	38						
narino	698acf43-05cd-4b45-8107-7c666d87f77c	1	1						
narino	e144e6ee-503e-4bd9-9eff-f2fc77473642	12	12						
narino	c361e830-181e-11da-9544-b8a03c50a862	439	195						
narino	883ee5d0-9177-423d-a636-0284e8a4de46	5	5						
narino	2cd829bb-b713-433d-99cf-64bef11e5b3e	17	14						
narino	925267b2-870b-409e-8a81-d044d6eb6c2f	1							
narino	311e2740-f15a-11d8-b22f-b8a03c50a862	4	2						
narino	90fd6680-349f-11d8-aa2d-b8a03c50a862	10861	2905						
narino	247b85e0-4e6b-46d1-b1c8-47b00bb8ced7	1	1						
narino	036cdc50-e7f5-11d9-9a0e-b8a03c50a862	15	9						
narino	610414e0-8040-11d9-8294-b8a03c50a862	12	4						
narino	ab5c0b99-5af3-4958-b03c-0b7e85481cc1	2	2						
narino	4205110f-3f0f-40d8-bd0f-2fa71bc827b5	32	12						
narino	4f1aa16c-ac1f-4e25-95fa-70bd71b7a0b4	10	5						
narino	5ffa575c-fcd4-4583-9611-545f67b04316	229	5						
narino	b4640710-8e03-11d8-b956-b8a03c50a862	301	77						
narino	acac73b0-055d-11d8-b84f-b8a03c50a862	2	1						
narino	8edbbde0-055e-11d8-b850-b8a03c50a862	12	10						
narino	8f9a6e03-a0ee-4a60-a08f-32463f36adeb	1	1						
narino	23539a57-1347-4dd3-af2a-cf9478563baa	2	1						
narino	8d30d714-63f5-4f6f-a1a4-d73d09aa60c4	2	1						
narino	bc092ff0-02e4-11dc-991f-b8a03c50a862	4796	1903						
narino	19456090-b49a-11d8-abeb-b8a03c50a862	244	128						
narino	493fe050-055d-11d8-b84f-b8a03c50a862	3071	312						
narino	4e11d750-bafb-11d9-8e53-b8a03c50a862	8	5						
narino	396d5f30-dea9-11db-8ab4-b8a03c50a862	562	312						
narino	218f5cbc-bc3e-4a8e-84ee-9281a54cd9e3	1	1						
narino	67b2263f-6990-4d9d-b32b-20aa72ef4fbc	8	3						
narino	b711353c-44d7-4e8b-90c5-16fea0d247e0	6	3						
narino	cc17c672-0c7d-492f-9252-c7ddacd1df78	22	11						
narino	ab13adb9-ce23-444d-87c9-ce41f03ef2b3	11375	287						
narino	da86174a-a605-43a4-a5e8-53d484152cd3	219	91						
narino	7ce8aef0-9e92-11dc-8738-b8a03c50a862	235	100						
narino	0e2f2e28-7790-4c82-b8fb-6ef7b4c764e2	194	91						
narino	55807027-6d78-46bd-b2cb-301295ee35aa	4	4						
narino	dc282b9d-8f3b-4197-b174-ba5272721a6f	5145	488						
narino	061b4f20-f241-11da-a328-b8a03c50a862	23	12						
narino	ff418020-1d67-11d9-8435-b8a03c50a862	225	97						
narino	104e9c96-791b-4f14-978c-f581cb214912	137	1						
narino	8a471700-4ce8-11db-b80e-b8a03c50a862	1	1						
narino	b1b3786f-e9b0-4da6-8472-a21a2d7fe48c	5	5						
narino	c76cf030-2a95-11da-9cc1-b8a03c50a862	30	21						
narino	c5f7ef70-e233-11d9-a4d6-b8a03c50a862	3	1						
narino	0674aea0-a7e1-11d8-9534-b8a03c50a862	206	35						
narino	6ba9a8cc-513a-4a51-bf93-6f5de8040a96	34	9						
narino	7050ce20-c75e-11dd-87ef-b8a03c50a862	1							
narino	867a53f4-2f2d-4932-be6a-f46566255371	1	1						
narino	352bdfe0-c57b-11dd-a8eb-b8a03c50a862	1	1						
narino	b3bf3a83-1f68-4541-a03f-330d30d567f5	117	39						
narino	ae447c50-b8a8-11d8-92a4-b8a03c50a862	2151	733						
narino	0cbfea81-f7f6-43a7-a5bc-9b38898b505d	1							
narino	fee1eb85-53bb-4edb-91cc-de55f11b3cee	5	5						
narino	b459e790-0d3c-11d9-8431-b8a03c50a862	63	52						
narino	83e105d0-1e21-11de-85d0-fe7fa1df8ee2	44	4						
narino	1e26a630-7203-11dc-a0d8-b8a03c50a862	5	1						
narino	253fc67c-c7fb-4c85-88f5-43ac6d9dc8a9	10	7						
narino	c8f840a3-4949-4e18-82e9-5771c3e57129	10	1						
narino	3eeffcbd-0e84-4223-ac65-3d32e7cc8511	42	2						
narino	b8cd2cdb-ee95-409c-b1b8-e09bab4f9a70	174	73						
narino	e0455781-2311-4b5b-8cc0-421d73e04f1b	1	1						
narino	7d91f9bd-f6cd-48e3-ba81-3c228cf5e13a	60	28						
narino	6c147991-c3bf-453d-a778-3bea9a534804	7	4						
narino	eac88d99-9f6c-4031-8fc4-8088f0e0dfe7	14020	3434						
narino	ad3f9c5f-5021-45a3-a7c4-3e64895f6f79	278	158						
narino	073e52d4-44bd-41d7-bdfa-88c2735c694b	2	2						
narino	cccff716-2694-4209-9f9e-2f7a484465a0	1472	649						
narino	f7f9717e-9e50-4a00-a30f-7b134390a566	97	46						
narino	58c7e325-82fc-446d-9406-851b4d357db7	17801	2647						
narino	256035fe-75ff-4a7c-94bc-86af590c9050	44	16						
narino	478a9e81-e716-42dc-a68d-03487953a32e	77	27						
narino	30ff48bd-4dd1-429d-a5a5-348c8e5fbfb1	4	2						
narino	bc709e2f-6eb4-4cbe-a295-e12eed0679f2	66	17						
narino	8d9a1a1c-a563-461e-85ef-002861f87bd7	149	90						
narino	5a45153b-bdf9-44ae-b7a7-e3261896540b	27	17						
narino	85be57ed-f187-49c9-b7ff-eaa622e06217	500	234						
narino	5c1a4c27-795a-4294-aecc-46d7176706b7	1	1						
narino	f22ff2ae-6384-4d40-9ded-4d96befcacf0	1	1						
narino	6215eac7-a176-4a7f-9bba-552b3f5ba9a3	1	1						
narino	d073b448-6b80-4364-8c38-18d08b88797f	4	3						
narino	4265f332-341c-45f6-b30b-5dc2e39b86e8	6	5						
narino	f6e2efc9-42a3-47ea-99c6-3eda8d653cc9	1	1						
narino	04481953-6112-489f-bb8d-9703d787e3ea	1	1						
narino	e97090cb-7731-41c7-ac24-31a841730654	1	1						
narino	7cf67ac2-f2f2-42bd-92e4-c2eac0b21039	2	2						
narino	76dbcb10-efc5-4d5f-87a5-bcd409fc92c8	7	5						
narino	1f55bd0a-6ebe-49a1-8a9c-9258702b6f46	959	158						
narino	618d6bf6-81a4-47b0-85c0-0a6981b4e5ef	1	1						
narino	af00f590-cb78-11d9-b772-b8a03c50a862	4	2						
narino	3f3967bf-ecc7-4455-ba89-4e0ab6d6fd3c	1	1						
narino	4cadac10-3e7b-11d9-8439-b8a03c50a862	1	1						
narino	0ed04352-6745-4665-9e11-7117ee91a96b	2	2						
narino	58172c10-1dc5-11de-be11-b8a03c50a862	3	1						
narino	b554c320-0560-11d8-b851-b8a03c50a862	601	71						
narino	174c6da2-e002-42fe-9f56-2f9d670240f4	53	38						
narino	6ea87510-0561-11d8-b851-b8a03c50a862	176	76						
narino	927f1e70-cf74-11d8-bf68-b8a03c50a862	2							
narino	c49fdf8d-5648-4ae7-b0be-d3d9c67bc755	11	3						
narino	f314b0b0-e3dc-11d9-8d81-b8a03c50a862	2	2						
narino	cc483d69-50e9-4463-8eb6-41fc459fa485	2	2						
narino	efcf5460-a06a-11d9-8ec2-b8a03c50a862	5	2						
narino	61c539d8-47e0-4b82-875f-b95aad66dcd4	5	3						
narino	3c6ad080-bdbe-11da-ac59-b8a03c50a862	73	43						
narino	52c8f620-1816-11da-9544-b8a03c50a862	15	5						
narino	58520c30-bafb-11d9-8e53-b8a03c50a862	1							
narino	06fcbbf0-0562-11d8-b851-b8a03c50a862	1	1						
narino	feef46fb-6287-41f4-b3db-5f9dff600ab8	98	25						
narino	5ab24120-de25-11dc-9a41-b8a03c50a862	45	1						
narino	b36f3505-f2d9-499f-a669-fa418a127b9d	2							
narino	80960f60-ad5e-11da-9c37-b8a03c50a862	424	187						
narino	1f00d75c-f6fc-4224-a595-975e82d7689c	652	190						
narino	2e167bb0-4441-11db-9ba2-b8a03c50a862	161	82						
narino	0e2ae538-4332-4f41-bfee-8aa2c693d2a9	2	2						
narino	28eb1a3f-1c15-4a95-931a-4af90ecb574d	944	500						
santander	538c9023-2e18-4769-9230-f840d044406d	5	1						
santander	f9b67ad0-9c9b-11d9-b9db-b8a03c50a862	618	163						
santander	ccd1ddc0-6c21-11de-8224-b8a03c50a862	74	27						
santander	3988de20-0560-11d8-b851-b8a03c50a862	19	10						
santander	814cdfb5-d4f8-4453-815f-ea5df98e76bf	3	2						
santander	adaeb73b-8f3b-433c-ab2e-a8ca68a7c7ea	186	42						
santander	3ecddc17-a081-4e85-92c3-d8e31716342c	1901	26						
santander	1447752d-0ee4-4951-a0fb-b1f2acb977af	1099	63						
santander	76513b28-548d-480a-8859-bd7f45f8724b	171	4						
santander	34cc6c50-812c-11de-86fe-b8a03c50a862	440	3						
santander	1deb09e1-ded6-469a-a46e-f6329cb03b6a	2	1						
santander	eea64f26-8fd5-49fb-be7e-a1d4cfc051ee	152	76						
santander	0dc9c7a0-b5c6-11d9-a0b8-b8a03c50a862	10							
santander	b872b075-9ab5-4e27-b6c6-5add6b890379	5	5						
santander	750a8724-fa66-4c27-b645-bd58ac5ee010	10	3						
santander	8e6bc843-c1b4-4b10-b546-881f06049004	526	243						
santander	a3c228d0-3110-11db-abb8-b8a03c50a862	553	31						
santander	57254bd0-8256-11d8-b7ed-b8a03c50a862	186	118						
santander	9630292c-c8ef-4efa-adda-399638be3b19	4	1						
santander	7a079928-aee9-418a-b083-6152d01c78d6	11158	2133						
santander	0363cbd4-f666-455e-8e86-0bbddcf51950	142	40						
santander	70f5f94a-045f-453e-aae9-c60133376231	525	282						
santander	66522820-055c-11d8-b84e-b8a03c50a862	147	79						
santander	a41250f0-7c3e-11d8-a19c-b8a03c50a862	144	64						
santander	c1da06f0-580e-11dc-8a9e-b8a03c50a862	1360	349						
santander	9d615537-c4d9-40fe-bf74-0e4dc9b42078	7	5						
santander	fee3882f-5360-4f01-a1ca-767c48fa629c	647	119						
santander	da583013-8a1b-4570-b0e4-c7cb25b2e7bf	1860	41						
santander	a61ab068-5b5f-47c7-9322-170e88b09b0d	141	14						
santander	75ed8583-8bd8-4f82-9346-75b234fe4682	9							
santander	f2489500-dbab-4fbc-95ed-19eead127483	1	1						
santander	9c252ec3-7333-4cf8-a997-5441fcbad8dd	1	1						
santander	0d923068-1cec-44de-8b78-33a51fb0cacd	1	1						
santander	ff90b050-c256-11db-b71b-b8a03c50a862	147	110						
santander	43a26bbf-466a-4335-96cc-01d0656c614a	49	38						
santander	e2e717bf-551a-4917-bdc9-4fa0f342c530	221003	856						
santander	cf9ceb80-9f3d-11da-b791-b8a03c50a862	75	33						
santander	23fe61fe-622d-4523-ae45-8c931f22c534	40	1						
santander	488f6b87-5688-4c9a-928c-2d5355054b01	12	1						
santander	1904954c-81e7-4254-9778-ae3deed93de6	2	2						
santander	a42867f0-813a-11dc-82e0-b8a03c50a862	100	61						
santander	f7bf768e-d88d-489d-a263-dd07232bd9e4	65	7						
santander	ead371f0-f93d-11dd-af50-b8a03c50a862	9	7						
santander	7ef169f9-81f8-46a2-a7f7-240df6a1889c	6	1						
santander	9bcba4e4-a10d-4484-9c5e-36a059a0c9cd	21	6						
santander	a88bec5c-1cbf-47a2-8c3e-6081804d80a5	1	1						
santander	ada9d123-ddb4-467d-8891-806ea8d94230	191	49						
santander	121b1f00-66de-484d-9fb3-32bb07585840	24	6						
santander	bd561840-efdc-11d9-a329-b8a03c50a862	7	5						
santander	37c1c493-782c-4f53-914d-b1f66cdcf61c	5							
santander	7b8aff00-a9f8-11d8-944b-b8a03c50a862	804	445						
santander	192a9ab0-5565-11d8-b290-b8a03c50a862	1	1						
santander	8483a1f0-1032-11db-ae00-b8a03c50a862	11	6						
santander	afa44940-5a60-11d9-bbdd-b8a03c50a862	1	1						
santander	05827c69-a802-472f-bbe3-76629dfd57a7	124	97						
santander	e174384d-ee9a-4ed8-b4f4-0ec3a8fa5e39	355	1						
santander	76d82379-e2a3-4a1f-9b55-2ec5c9f87532	584	22						
santander	f52593de-ac30-49ea-8e3e-07cf745249ec	1165	207						
santander	a0f40644-1fec-42d8-af64-0bce3e9d76d2	52	22						
santander	4ef28342-2d78-48b5-a00f-2bad53be38a1	1500							
santander	4c415e40-1e21-11de-9e40-a0d6ecebb8bf	216	159						
santander	485ff490-e3b7-11db-9acc-b8a03c50a862	762	366						
santander	8e1a97a0-3ca8-11d9-8439-b8a03c50a862	9	9						
santander	04ce62dd-30ec-4d98-8b30-b09cafc3ac38	21503	703						
santander	6f3ccc65-0a54-4e65-ae7e-13b92d618e7c	30	24						
santander	92f51af1-e917-49bc-a8ed-014ed3a77bec	13	1						
santander	9d77fdeb-100f-4b29-98ad-4effdd824457	86	78						
santander	831c8ca0-3806-4796-b8a3-fb5f15813749	1933	23						
santander	c0d9c91a-0f83-4819-bf7e-bb5e1184eb6b	16	14						
santander	b8b274e0-3216-48b8-afea-5616ec326ce1	332	6						
santander	34770310-601a-43e0-84fb-ed81661c2d00	17	15						
santander	e4a87e1f-4ff8-4d2e-bcd1-0929678abab9	2307	115						
santander	b6f05cf0-43ce-11d9-8439-b8a03c50a862	1	1						
santander	2437c128-bf8c-4f53-b668-da95fb2e40b7	21	17						
santander	2a7e3080-28a9-11dd-97cd-b8a03c50a862	77654	3995						
santander	838537fc-4aeb-4980-8b58-97fbdcd1d91a	43	21						
santander	a7e6d0ba-9e3d-4be2-b3ac-2c5e812e0a31	40	23						
santander	92974254-6777-4a79-8865-a89a83f13e57	10	6						
santander	eace4687-50e8-4f9a-829b-29ff8ff1fa8b	204	121						
santander	e144e6ee-503e-4bd9-9eff-f2fc77473642	59	33						
santander	6b2f029b-7823-4b84-9c30-31ff364238fe	5	2						
santander	c361e830-181e-11da-9544-b8a03c50a862	257	131						
santander	883ee5d0-9177-423d-a636-0284e8a4de46	29	26						
santander	2cd829bb-b713-433d-99cf-64bef11e5b3e	14	12						
santander	925267b2-870b-409e-8a81-d044d6eb6c2f	1	1						
santander	182287da-fe0f-457f-ac06-2b8f4c7680fd	2							
santander	311e2740-f15a-11d8-b22f-b8a03c50a862	458	125						
santander	c2ecae57-6701-485e-9ebd-5f87b2945cb2	1	1						
santander	90fd6680-349f-11d8-aa2d-b8a03c50a862	4039	1947						
santander	247b85e0-4e6b-46d1-b1c8-47b00bb8ced7	6	5						
santander	2e4af590-37d0-11d9-8439-b8a03c50a862	1	1						
santander	0c0c7309-6a47-4760-9f5c-a48f6d354f75	397	47						
santander	036cdc50-e7f5-11d9-9a0e-b8a03c50a862	1	1						
santander	610414e0-8040-11d9-8294-b8a03c50a862	8	5						
santander	ab5c0b99-5af3-4958-b03c-0b7e85481cc1	4	4						
santander	4205110f-3f0f-40d8-bd0f-2fa71bc827b5	12	8						
santander	4f1aa16c-ac1f-4e25-95fa-70bd71b7a0b4	4	4						
santander	e6c2fab8-8716-48b8-ae62-dacbc73b35b5	8	4						
santander	e147be40-75eb-11d9-b257-b8a03c50a862	10							
santander	5ffa575c-fcd4-4583-9611-545f67b04316	2	1						
santander	b4640710-8e03-11d8-b956-b8a03c50a862	164	82						
santander	0ba220e1-77cf-487a-8d91-494167240f5d	1							
santander	939ed180-aa7b-11db-8edf-b8a03c50a862	25	5						
santander	8edbbde0-055e-11d8-b850-b8a03c50a862	694	216						
santander	23539a57-1347-4dd3-af2a-cf9478563baa	17	6						
santander	bc092ff0-02e4-11dc-991f-b8a03c50a862	10637	3568						
santander	4fd82480-ea1c-11da-8db4-b8a03c50a862	49	19						
santander	19456090-b49a-11d8-abeb-b8a03c50a862	120	86						
santander	493fe050-055d-11d8-b84f-b8a03c50a862	638	213						
santander	4e11d750-bafb-11d9-8e53-b8a03c50a862	4	3						
santander	396d5f30-dea9-11db-8ab4-b8a03c50a862	251	98						
santander	0f0c387a-64ec-4eaa-b590-e09b0f11c94f	3	3						
santander	218f5cbc-bc3e-4a8e-84ee-9281a54cd9e3	4	4						
santander	c8d737e0-2ff8-42e8-b8fc-6b805d26fc5f	108	44						
santander	b711353c-44d7-4e8b-90c5-16fea0d247e0	616	81						
santander	cc17c672-0c7d-492f-9252-c7ddacd1df78	2	1						
santander	ab13adb9-ce23-444d-87c9-ce41f03ef2b3	35238	186						
santander	da86174a-a605-43a4-a5e8-53d484152cd3	666	144						
santander	7ce8aef0-9e92-11dc-8738-b8a03c50a862	206	80						
santander	0e2f2e28-7790-4c82-b8fb-6ef7b4c764e2	1284	310						
santander	d1e2f6a3-4016-46ba-b031-36f843790457	12	12						
santander	17726825-3aa2-4fbc-b0e3-303d3fc5702f	1							
santander	278c2395-6edb-41f4-8f0a-0abd13656901	126	69						
santander	dc282b9d-8f3b-4197-b174-ba5272721a6f	1381	217						
santander	98e934b0-5f31-11de-b67e-b8a03c50a862	1							
santander	061b4f20-f241-11da-a328-b8a03c50a862	9	8						
santander	ff418020-1d67-11d9-8435-b8a03c50a862	601	181						
santander	8a471700-4ce8-11db-b80e-b8a03c50a862	1	1						
santander	48558fd5-e402-4362-ba91-7c742c96a26c	1	1						
santander	c76cf030-2a95-11da-9cc1-b8a03c50a862	1	1						
santander	c5f7ef70-e233-11d9-a4d6-b8a03c50a862	1	1						
santander	0674aea0-a7e1-11d8-9534-b8a03c50a862	5	4						
santander	021121c0-f040-11d8-b22f-b8a03c50a862	1							
santander	867a53f4-2f2d-4932-be6a-f46566255371	1							
santander	2b8e48b0-812d-11de-86fe-b8a03c50a862	4	1						
santander	352bdfe0-c57b-11dd-a8eb-b8a03c50a862	112	12						
santander	b3bf3a83-1f68-4541-a03f-330d30d567f5	338	90						
santander	ae447c50-b8a8-11d8-92a4-b8a03c50a862	2146	1037						
santander	4c1a7622-ff80-419d-b1ba-2037d61f1973	6							
santander	fee1eb85-53bb-4edb-91cc-de55f11b3cee	1	1						
santander	b459e790-0d3c-11d9-8431-b8a03c50a862	22	21						
santander	83e105d0-1e21-11de-85d0-fe7fa1df8ee2	2	1						
santander	253fc67c-c7fb-4c85-88f5-43ac6d9dc8a9	21	19						
santander	450bdfce-76f7-483e-b4c4-cab6a3daebba	21							
santander	c8f840a3-4949-4e18-82e9-5771c3e57129	167	52						
santander	3eeffcbd-0e84-4223-ac65-3d32e7cc8511	9	1						
santander	b8cd2cdb-ee95-409c-b1b8-e09bab4f9a70	790	295						
santander	e0455781-2311-4b5b-8cc0-421d73e04f1b	5	4						
santander	7d91f9bd-f6cd-48e3-ba81-3c228cf5e13a	116	66						
santander	6c147991-c3bf-453d-a778-3bea9a534804	30971	3786						
santander	eac88d99-9f6c-4031-8fc4-8088f0e0dfe7	20357	3968						
santander	ad3f9c5f-5021-45a3-a7c4-3e64895f6f79	2879	386						
santander	9ad34578-87e3-4240-93ac-4b1a5c9347dc	23	1						
santander	073e52d4-44bd-41d7-bdfa-88c2735c694b	3	3						
santander	cccff716-2694-4209-9f9e-2f7a484465a0	8131	1356						
santander	f7f9717e-9e50-4a00-a30f-7b134390a566	83	58						
santander	58c7e325-82fc-446d-9406-851b4d357db7	149	81						
santander	96b23685-f195-4131-af29-ea9e160225dd	461	54						
santander	112087f6-a6c0-4cee-8441-387f900d34f9	6							
santander	341acb6e-2ed2-4c13-af14-5e00173e15f8	61	12						
santander	256035fe-75ff-4a7c-94bc-86af590c9050	60	14						
santander	478a9e81-e716-42dc-a68d-03487953a32e	1279	316						
santander	77c64839-4c99-4a40-beb3-cd16afc23540	788	45						
santander	2fff5d0c-6bbd-432d-8832-cc4e307a267f	4	2						
santander	30ff48bd-4dd1-429d-a5a5-348c8e5fbfb1	108	4						
santander	bc709e2f-6eb4-4cbe-a295-e12eed0679f2	14	7						
santander	5a45153b-bdf9-44ae-b7a7-e3261896540b	352	26						
santander	85be57ed-f187-49c9-b7ff-eaa622e06217	38	16						
santander	f22ff2ae-6384-4d40-9ded-4d96befcacf0	13	8						
santander	92bd7d31-3255-4f1c-8552-cbb6fbe60478	2							
santander	04481953-6112-489f-bb8d-9703d787e3ea	8	8						
santander	76dbcb10-efc5-4d5f-87a5-bcd409fc92c8	22	9						
santander	1f55bd0a-6ebe-49a1-8a9c-9258702b6f46	349	127						
santander	53e59855-7653-4d3e-87cc-162021713823	1	1						
santander	1ef55060-54da-11dd-9d47-b8a03c50a862	6							
santander	e3f07310-a215-11da-beae-b8a03c50a862	1	1						
santander	b554c320-0560-11d8-b851-b8a03c50a862	198	90						
santander	174c6da2-e002-42fe-9f56-2f9d670240f4	110	88						
santander	6ea87510-0561-11d8-b851-b8a03c50a862	63	32						
santander	927f1e70-cf74-11d8-bf68-b8a03c50a862	9	9						
santander	c49fdf8d-5648-4ae7-b0be-d3d9c67bc755	1	1						
santander	9b049850-d958-11da-9047-b8a03c50a862	19	10						
santander	0eabc674-8106-401e-9613-5f10164b562d	1							
santander	f314b0b0-e3dc-11d9-8d81-b8a03c50a862	1	1						
santander	61c539d8-47e0-4b82-875f-b95aad66dcd4	3	3						
santander	3c6ad080-bdbe-11da-ac59-b8a03c50a862	32	17						
santander	52c8f620-1816-11da-9544-b8a03c50a862	38	9						
santander	06fcbbf0-0562-11d8-b851-b8a03c50a862	3	2						
santander	ff7bd5db-b724-4932-b496-10ea298851f9	1							
santander	4c0e9f60-c489-11d8-bf60-b8a03c50a862	2	2						
santander	5ab24120-de25-11dc-9a41-b8a03c50a862	133	30						
santander	6a430540-7f09-11d8-a1a0-b8a03c50a862	1	1						
santander	80960f60-ad5e-11da-9c37-b8a03c50a862	388	177						
santander	1f00d75c-f6fc-4224-a595-975e82d7689c	1335	317						
santander	2e167bb0-4441-11db-9ba2-b8a03c50a862	490	154						
santander	28eb1a3f-1c15-4a95-931a-4af90ecb574d	8111	2161						
santander	bb646dff-a905-4403-a49b-6d378c2cf0d9	52	43						
tolima	f9b67ad0-9c9b-11d9-b9db-b8a03c50a862	785	189						
tolima	ccd1ddc0-6c21-11de-8224-b8a03c50a862	355	89						
tolima	3988de20-0560-11d8-b851-b8a03c50a862	7	3						
tolima	814cdfb5-d4f8-4453-815f-ea5df98e76bf	5	2						
tolima	adaeb73b-8f3b-433c-ab2e-a8ca68a7c7ea	15	8						
tolima	3ecddc17-a081-4e85-92c3-d8e31716342c	11	6						
tolima	76513b28-548d-480a-8859-bd7f45f8724b	3	2						
tolima	34cc6c50-812c-11de-86fe-b8a03c50a862	82	2						
tolima	32e82a64-c9b4-4b2f-9fbd-d446309b973f	1	1						
tolima	1deb09e1-ded6-469a-a46e-f6329cb03b6a	7	4						
tolima	8c4f5426-9a05-4827-977b-22201c42dcd9	1							
tolima	eea64f26-8fd5-49fb-be7e-a1d4cfc051ee	340	103						
tolima	0dc9c7a0-b5c6-11d9-a0b8-b8a03c50a862	181	14						
tolima	b872b075-9ab5-4e27-b6c6-5add6b890379	1	1						
tolima	750a8724-fa66-4c27-b645-bd58ac5ee010	2	1						
tolima	2d6e0e40-2aee-11d8-aa2d-b8a03c50a862	3	1						
tolima	a3c228d0-3110-11db-abb8-b8a03c50a862	3257	94						
tolima	0363cbd4-f666-455e-8e86-0bbddcf51950	48	21						
tolima	66522820-055c-11d8-b84e-b8a03c50a862	59	41						
tolima	c1da06f0-580e-11dc-8a9e-b8a03c50a862	188	87						
tolima	4d14137b-ce2c-4111-98a9-0078f5d53237	4159	65						
tolima	9d615537-c4d9-40fe-bf74-0e4dc9b42078	7	4						
tolima	fee3882f-5360-4f01-a1ca-767c48fa629c	776	74						
tolima	da583013-8a1b-4570-b0e4-c7cb25b2e7bf	2							
tolima	a61ab068-5b5f-47c7-9322-170e88b09b0d	49	6						
tolima	75ed8583-8bd8-4f82-9346-75b234fe4682	26	6						
tolima	f2489500-dbab-4fbc-95ed-19eead127483	1							
tolima	9c252ec3-7333-4cf8-a997-5441fcbad8dd	4	3						
tolima	0d923068-1cec-44de-8b78-33a51fb0cacd	7	4						
tolima	ff90b050-c256-11db-b71b-b8a03c50a862	46	36						
tolima	43a26bbf-466a-4335-96cc-01d0656c614a	65	42						
tolima	e2e717bf-551a-4917-bdc9-4fa0f342c530	368432	811						
tolima	cf9ceb80-9f3d-11da-b791-b8a03c50a862	49	31						
tolima	488f6b87-5688-4c9a-928c-2d5355054b01	33	2						
tolima	2730ae30-29d6-4aa2-99ee-26f483fa718b	51	17						
tolima	2627e955-93f5-4206-bac5-a1e3bd91ee37	3840	480						
tolima	1904954c-81e7-4254-9778-ae3deed93de6	21	20						
tolima	a42867f0-813a-11dc-82e0-b8a03c50a862	54	28						
tolima	f7bf768e-d88d-489d-a263-dd07232bd9e4	47	9						
tolima	a8a63f81-fdbf-40e3-8a99-0d3832de262b	15	3						
tolima	ead371f0-f93d-11dd-af50-b8a03c50a862	5	2						
tolima	d2519a48-9ed7-4e86-8692-338cfc214629	3	1						
tolima	32859580-c30c-4367-8a8a-71f00fc9f833	4	2						
tolima	ada9d123-ddb4-467d-8891-806ea8d94230	170	37						
tolima	121b1f00-66de-484d-9fb3-32bb07585840	5	1						
tolima	e1475b95-d1f7-4f3a-9f3e-e681676abb18	26	3						
tolima	bd561840-efdc-11d9-a329-b8a03c50a862	2	1						
tolima	7b8aff00-a9f8-11d8-944b-b8a03c50a862	526	293						
tolima	192a9ab0-5565-11d8-b290-b8a03c50a862	1	1						
tolima	8483a1f0-1032-11db-ae00-b8a03c50a862	45	10						
tolima	976af1e0-ca25-11da-bfed-b8a03c50a862	1	1						
tolima	2e7ea925-e11c-451c-9841-0a8e85e5c5dc	341	13						
tolima	00a915e7-b4e2-4795-bcbf-45e4dda0e927	148	56						
tolima	81724943-d4d5-4b72-bfd6-3cfc5725c12a	310							
tolima	4c415e40-1e21-11de-9e40-a0d6ecebb8bf	145	88						
tolima	485ff490-e3b7-11db-9acc-b8a03c50a862	144	91						
tolima	fd0038d0-3e7b-11d9-8439-b8a03c50a862	9	2						
tolima	d1596a2e-9c4f-46f7-a859-81d40fb35822	1	1						
tolima	6f3ccc65-0a54-4e65-ae7e-13b92d618e7c	3	2						
tolima	7a6bdf66-ef5c-4a81-b731-2e328f4881eb	2	1						
tolima	c0d9c91a-0f83-4819-bf7e-bb5e1184eb6b	7	5						
tolima	b8b274e0-3216-48b8-afea-5616ec326ce1	241	16						
tolima	34770310-601a-43e0-84fb-ed81661c2d00	95	65						
tolima	b6f05cf0-43ce-11d9-8439-b8a03c50a862	1	1						
tolima	2437c128-bf8c-4f53-b668-da95fb2e40b7	9	7						
tolima	2a7e3080-28a9-11dd-97cd-b8a03c50a862	41777	1667						
tolima	838537fc-4aeb-4980-8b58-97fbdcd1d91a	10	6						
tolima	a7e6d0ba-9e3d-4be2-b3ac-2c5e812e0a31	72	52						
tolima	92974254-6777-4a79-8865-a89a83f13e57	1	1						
tolima	eace4687-50e8-4f9a-829b-29ff8ff1fa8b	294	93						
tolima	e144e6ee-503e-4bd9-9eff-f2fc77473642	1	1						
tolima	6b2f029b-7823-4b84-9c30-31ff364238fe	1	1						
tolima	38a69420-bd2a-11dd-b15e-b8a03c50a862	3							
tolima	883ee5d0-9177-423d-a636-0284e8a4de46	5	4						
tolima	2cd829bb-b713-433d-99cf-64bef11e5b3e	43	31						
tolima	311e2740-f15a-11d8-b22f-b8a03c50a862	2	1						
tolima	845f3630-812c-11de-86fe-b8a03c50a862	1	1						
tolima	90fd6680-349f-11d8-aa2d-b8a03c50a862	2020	1058						
tolima	2e4af590-37d0-11d9-8439-b8a03c50a862	3	2						
tolima	0c0c7309-6a47-4760-9f5c-a48f6d354f75	9	1						
tolima	036cdc50-e7f5-11d9-9a0e-b8a03c50a862	1	1						
tolima	610414e0-8040-11d9-8294-b8a03c50a862	2	1						
tolima	ab5c0b99-5af3-4958-b03c-0b7e85481cc1	1	1						
tolima	4205110f-3f0f-40d8-bd0f-2fa71bc827b5	75	45						
tolima	4f1aa16c-ac1f-4e25-95fa-70bd71b7a0b4	2	1						
tolima	e6c2fab8-8716-48b8-ae62-dacbc73b35b5	3	2						
tolima	5ffa575c-fcd4-4583-9611-545f67b04316	1	1						
tolima	b4640710-8e03-11d8-b956-b8a03c50a862	381	140						
tolima	acac73b0-055d-11d8-b84f-b8a03c50a862	15	8						
tolima	8edbbde0-055e-11d8-b850-b8a03c50a862	111	47						
tolima	bc092ff0-02e4-11dc-991f-b8a03c50a862	4012	1700						
tolima	19456090-b49a-11d8-abeb-b8a03c50a862	98	73						
tolima	3ead5cf3-2840-482e-bbd9-76380825be63	14	4						
tolima	493fe050-055d-11d8-b84f-b8a03c50a862	34	14						
tolima	4e11d750-bafb-11d9-8e53-b8a03c50a862	9	7						
tolima	396d5f30-dea9-11db-8ab4-b8a03c50a862	183	111						
tolima	fe9d23a5-5514-4d6e-b05b-d115425cd159	11	10						
tolima	ac1a4340-812c-11de-86fe-b8a03c50a862	1	1						
tolima	69e7f900-ed5b-11dd-ac7e-b8a03c50a862	2	2						
tolima	a8144f37-5ff7-4137-9400-94b5b2ea4ec4	2	2						
tolima	67b2263f-6990-4d9d-b32b-20aa72ef4fbc	1	1						
tolima	c8d737e0-2ff8-42e8-b8fc-6b805d26fc5f	53	32						
tolima	b711353c-44d7-4e8b-90c5-16fea0d247e0	450	29						
tolima	ab13adb9-ce23-444d-87c9-ce41f03ef2b3	282	80						
tolima	190b47cb-54d5-4b87-9c1e-22b0483fe071	774	189						
tolima	da86174a-a605-43a4-a5e8-53d484152cd3	411	115						
tolima	7ce8aef0-9e92-11dc-8738-b8a03c50a862	144	53						
tolima	0e2f2e28-7790-4c82-b8fb-6ef7b4c764e2	6810	315						
tolima	94ec6243-9b21-4c04-9cc6-cefa1cf627c0	1							
tolima	17726825-3aa2-4fbc-b0e3-303d3fc5702f	1							
tolima	55807027-6d78-46bd-b2cb-301295ee35aa	5	5						
tolima	278c2395-6edb-41f4-8f0a-0abd13656901	5	2						
tolima	dc282b9d-8f3b-4197-b174-ba5272721a6f	1989	269						
tolima	98e934b0-5f31-11de-b67e-b8a03c50a862	1							
tolima	061b4f20-f241-11da-a328-b8a03c50a862	11	5						
tolima	ff418020-1d67-11d9-8435-b8a03c50a862	318	79						
tolima	609765e0-4ce8-11db-b80e-b8a03c50a862	1							
tolima	c76cf030-2a95-11da-9cc1-b8a03c50a862	13	4						
tolima	3059a14b-7b43-41ce-beef-873999911dfe	161	31						
tolima	0674aea0-a7e1-11d8-9534-b8a03c50a862	7	2						
tolima	6ba9a8cc-513a-4a51-bf93-6f5de8040a96	1	1						
tolima	021121c0-f040-11d8-b22f-b8a03c50a862	2	2						
tolima	8a226609-56b9-4b87-a0a2-767c38edd572	1							
tolima	352bdfe0-c57b-11dd-a8eb-b8a03c50a862	76	8						
tolima	b3bf3a83-1f68-4541-a03f-330d30d567f5	135	43						
tolima	ae447c50-b8a8-11d8-92a4-b8a03c50a862	551	365						
tolima	0cbfea81-f7f6-43a7-a5bc-9b38898b505d	3							
tolima	fee1eb85-53bb-4edb-91cc-de55f11b3cee	2	2						
tolima	b459e790-0d3c-11d9-8431-b8a03c50a862	10	10						
tolima	83e105d0-1e21-11de-85d0-fe7fa1df8ee2	3	2						
tolima	253fc67c-c7fb-4c85-88f5-43ac6d9dc8a9	6	3						
tolima	c8f840a3-4949-4e18-82e9-5771c3e57129	371	179						
tolima	3eeffcbd-0e84-4223-ac65-3d32e7cc8511	6	1						
tolima	b8cd2cdb-ee95-409c-b1b8-e09bab4f9a70	289	144						
tolima	e0455781-2311-4b5b-8cc0-421d73e04f1b	8							
tolima	7d91f9bd-f6cd-48e3-ba81-3c228cf5e13a	114	79						
tolima	6c147991-c3bf-453d-a778-3bea9a534804	44	10						
tolima	eac88d99-9f6c-4031-8fc4-8088f0e0dfe7	13729	3010						
tolima	ad3f9c5f-5021-45a3-a7c4-3e64895f6f79	23	8						
tolima	06f46c98-9794-4d96-a014-aecdf24dbd7e	38	25						
tolima	073e52d4-44bd-41d7-bdfa-88c2735c694b	282	8						
tolima	cccff716-2694-4209-9f9e-2f7a484465a0	997	518						
tolima	f7f9717e-9e50-4a00-a30f-7b134390a566	106049	1159						
tolima	814bd44e-34d6-46e1-a143-0c12d03f3eba	225	77						
tolima	ec11396a-66ab-4e57-b9c1-a8aff1cb7a1d	59	3						
tolima	58c7e325-82fc-446d-9406-851b4d357db7	11	9						
tolima	256035fe-75ff-4a7c-94bc-86af590c9050	2							
tolima	478a9e81-e716-42dc-a68d-03487953a32e	1061	251						
tolima	77c64839-4c99-4a40-beb3-cd16afc23540	183	37						
tolima	30ff48bd-4dd1-429d-a5a5-348c8e5fbfb1	9	4						
tolima	bc709e2f-6eb4-4cbe-a295-e12eed0679f2	1411	151						
tolima	5a45153b-bdf9-44ae-b7a7-e3261896540b	32712	1619						
tolima	85be57ed-f187-49c9-b7ff-eaa622e06217	16	5						
tolima	04481953-6112-489f-bb8d-9703d787e3ea	1	1						
tolima	76dbcb10-efc5-4d5f-87a5-bcd409fc92c8	1	1						
tolima	79324e30-d4c7-11d8-bf69-b8a03c50a862	1	1						
tolima	1f55bd0a-6ebe-49a1-8a9c-9258702b6f46	22	19						
tolima	af00f590-cb78-11d9-b772-b8a03c50a862	1	1						
tolima	53e59855-7653-4d3e-87cc-162021713823	1	1						
tolima	4cadac10-3e7b-11d9-8439-b8a03c50a862	4	3						
tolima	e3f07310-a215-11da-beae-b8a03c50a862	3	3						
tolima	0ed04352-6745-4665-9e11-7117ee91a96b	1	1						
tolima	b554c320-0560-11d8-b851-b8a03c50a862	242	15						
tolima	174c6da2-e002-42fe-9f56-2f9d670240f4	23	16						
tolima	6ea87510-0561-11d8-b851-b8a03c50a862	74	48						
tolima	927f1e70-cf74-11d8-bf68-b8a03c50a862	2	2						
tolima	c49fdf8d-5648-4ae7-b0be-d3d9c67bc755	13	4						
tolima	9b049850-d958-11da-9047-b8a03c50a862	7	3						
tolima	cc483d69-50e9-4463-8eb6-41fc459fa485	54	5						
tolima	61c539d8-47e0-4b82-875f-b95aad66dcd4	1	1						
tolima	3c6ad080-bdbe-11da-ac59-b8a03c50a862	25	15						
tolima	52c8f620-1816-11da-9544-b8a03c50a862	71	19						
tolima	d003dd60-94fa-11da-a99f-b8a03c50a862	1							
tolima	06fcbbf0-0562-11d8-b851-b8a03c50a862	22	5						
tolima	5ab24120-de25-11dc-9a41-b8a03c50a862	40	6						
tolima	80960f60-ad5e-11da-9c37-b8a03c50a862	33	25						
tolima	1f00d75c-f6fc-4224-a595-975e82d7689c	1273	336						
tolima	2e167bb0-4441-11db-9ba2-b8a03c50a862	3	1						
tolima	0e2ae538-4332-4f41-bfee-8aa2c693d2a9	7	5						
tolima	28eb1a3f-1c15-4a95-931a-4af90ecb574d	1938	786						
